0 ,/, 3000 ,epoch,Train loss:, 5.090460, acc:, 0.300, Test loss:, 3.013738, acc:, 0.167,---, 0.0389, seconds ---
1 ,/, 3000 ,epoch,Train loss:, 5.043692, acc:, 0.175, Test loss:, 2.466386, acc:, 0.190,---, 0.0393, seconds ---
2 ,/, 3000 ,epoch,Train loss:, 3.605408, acc:, 0.275, Test loss:, 2.090768, acc:, 0.143,---, 0.0390, seconds ---
3 ,/, 3000 ,epoch,Train loss:, 3.875572, acc:, 0.025, Test loss:, 1.759271, acc:, 0.143,---, 0.0388, seconds ---
4 ,/, 3000 ,epoch,Train loss:, 2.986844, acc:, 0.100, Test loss:, 1.524550, acc:, 0.167,---, 0.0389, seconds ---
5 ,/, 3000 ,epoch,Train loss:, 2.188420, acc:, 0.175, Test loss:, 1.435499, acc:, 0.119,---, 0.0387, seconds ---
6 ,/, 3000 ,epoch,Train loss:, 1.841122, acc:, 0.150, Test loss:, 1.489855, acc:, 0.071,---, 0.0388, seconds ---
7 ,/, 3000 ,epoch,Train loss:, 1.664840, acc:, 0.100, Test loss:, 1.469948, acc:, 0.095,---, 0.0387, seconds ---
8 ,/, 3000 ,epoch,Train loss:, 1.615050, acc:, 0.150, Test loss:, 1.464498, acc:, 0.071,---, 0.0385, seconds ---
9 ,/, 3000 ,epoch,Train loss:, 1.534604, acc:, 0.150, Test loss:, 1.467387, acc:, 0.048,---, 0.0388, seconds ---
10 ,/, 3000 ,epoch,Train loss:, 1.431630, acc:, 0.225, Test loss:, 1.459582, acc:, 0.048,---, 0.0386, seconds ---
11 ,/, 3000 ,epoch,Train loss:, 1.335816, acc:, 0.325, Test loss:, 1.420647, acc:, 0.095,---, 0.0385, seconds ---
12 ,/, 3000 ,epoch,Train loss:, 1.311128, acc:, 0.375, Test loss:, 1.396997, acc:, 0.143,---, 0.0391, seconds ---
13 ,/, 3000 ,epoch,Train loss:, 1.418503, acc:, 0.275, Test loss:, 1.377807, acc:, 0.167,---, 0.0389, seconds ---
14 ,/, 3000 ,epoch,Train loss:, 1.356906, acc:, 0.400, Test loss:, 1.371250, acc:, 0.214,---, 0.0390, seconds ---
15 ,/, 3000 ,epoch,Train loss:, 1.282486, acc:, 0.375, Test loss:, 1.362492, acc:, 0.214,---, 0.0389, seconds ---
16 ,/, 3000 ,epoch,Train loss:, 1.365958, acc:, 0.250, Test loss:, 1.378577, acc:, 0.143,---, 0.0388, seconds ---
17 ,/, 3000 ,epoch,Train loss:, 1.303674, acc:, 0.300, Test loss:, 1.367125, acc:, 0.167,---, 0.0386, seconds ---
18 ,/, 3000 ,epoch,Train loss:, 1.322324, acc:, 0.375, Test loss:, 1.352004, acc:, 0.143,---, 0.0385, seconds ---
19 ,/, 3000 ,epoch,Train loss:, 1.306743, acc:, 0.375, Test loss:, 1.335125, acc:, 0.143,---, 0.0388, seconds ---
20 ,/, 3000 ,epoch,Train loss:, 1.279896, acc:, 0.300, Test loss:, 1.314194, acc:, 0.143,---, 0.0389, seconds ---
21 ,/, 3000 ,epoch,Train loss:, 1.268350, acc:, 0.425, Test loss:, 1.263386, acc:, 0.214,---, 0.0389, seconds ---
22 ,/, 3000 ,epoch,Train loss:, 1.257176, acc:, 0.425, Test loss:, 1.216259, acc:, 0.429,---, 0.0388, seconds ---
23 ,/, 3000 ,epoch,Train loss:, 1.270051, acc:, 0.425, Test loss:, 1.171091, acc:, 0.619,---, 0.0389, seconds ---
24 ,/, 3000 ,epoch,Train loss:, 1.276291, acc:, 0.450, Test loss:, 1.132497, acc:, 0.619,---, 0.0389, seconds ---
25 ,/, 3000 ,epoch,Train loss:, 1.177325, acc:, 0.500, Test loss:, 1.110727, acc:, 0.595,---, 0.0392, seconds ---
26 ,/, 3000 ,epoch,Train loss:, 1.192212, acc:, 0.475, Test loss:, 1.098835, acc:, 0.571,---, 0.0390, seconds ---
27 ,/, 3000 ,epoch,Train loss:, 1.265804, acc:, 0.275, Test loss:, 1.090013, acc:, 0.595,---, 0.0390, seconds ---
28 ,/, 3000 ,epoch,Train loss:, 1.117660, acc:, 0.450, Test loss:, 1.096702, acc:, 0.548,---, 0.0389, seconds ---
29 ,/, 3000 ,epoch,Train loss:, 1.126551, acc:, 0.425, Test loss:, 1.100782, acc:, 0.595,---, 0.0385, seconds ---
30 ,/, 3000 ,epoch,Train loss:, 1.101759, acc:, 0.500, Test loss:, 1.097191, acc:, 0.595,---, 0.0386, seconds ---
31 ,/, 3000 ,epoch,Train loss:, 1.098968, acc:, 0.550, Test loss:, 1.099762, acc:, 0.643,---, 0.0387, seconds ---
32 ,/, 3000 ,epoch,Train loss:, 1.050084, acc:, 0.625, Test loss:, 1.095337, acc:, 0.619,---, 0.0386, seconds ---
33 ,/, 3000 ,epoch,Train loss:, 1.088660, acc:, 0.550, Test loss:, 1.092436, acc:, 0.643,---, 0.0386, seconds ---
34 ,/, 3000 ,epoch,Train loss:, 1.160983, acc:, 0.450, Test loss:, 1.085446, acc:, 0.667,---, 0.0385, seconds ---
35 ,/, 3000 ,epoch,Train loss:, 1.103035, acc:, 0.525, Test loss:, 1.078276, acc:, 0.643,---, 0.0392, seconds ---
36 ,/, 3000 ,epoch,Train loss:, 1.149757, acc:, 0.450, Test loss:, 1.055569, acc:, 0.595,---, 0.0390, seconds ---
37 ,/, 3000 ,epoch,Train loss:, 0.978158, acc:, 0.575, Test loss:, 1.037781, acc:, 0.619,---, 0.0388, seconds ---
38 ,/, 3000 ,epoch,Train loss:, 1.100889, acc:, 0.475, Test loss:, 1.017555, acc:, 0.667,---, 0.0388, seconds ---
39 ,/, 3000 ,epoch,Train loss:, 1.063079, acc:, 0.475, Test loss:, 1.000604, acc:, 0.690,---, 0.0388, seconds ---
40 ,/, 3000 ,epoch,Train loss:, 1.072436, acc:, 0.500, Test loss:, 0.996524, acc:, 0.667,---, 0.0388, seconds ---
41 ,/, 3000 ,epoch,Train loss:, 0.983236, acc:, 0.550, Test loss:, 0.994822, acc:, 0.667,---, 0.0389, seconds ---
42 ,/, 3000 ,epoch,Train loss:, 1.093011, acc:, 0.425, Test loss:, 0.992101, acc:, 0.619,---, 0.0389, seconds ---
43 ,/, 3000 ,epoch,Train loss:, 0.969543, acc:, 0.500, Test loss:, 0.980519, acc:, 0.619,---, 0.0389, seconds ---
44 ,/, 3000 ,epoch,Train loss:, 1.067390, acc:, 0.475, Test loss:, 0.967032, acc:, 0.667,---, 0.0390, seconds ---
45 ,/, 3000 ,epoch,Train loss:, 0.959949, acc:, 0.575, Test loss:, 0.974508, acc:, 0.643,---, 0.0390, seconds ---
46 ,/, 3000 ,epoch,Train loss:, 0.984209, acc:, 0.600, Test loss:, 0.977717, acc:, 0.595,---, 0.0386, seconds ---
47 ,/, 3000 ,epoch,Train loss:, 0.956891, acc:, 0.625, Test loss:, 0.983385, acc:, 0.571,---, 0.0386, seconds ---
48 ,/, 3000 ,epoch,Train loss:, 1.016523, acc:, 0.600, Test loss:, 0.986615, acc:, 0.548,---, 0.0387, seconds ---
49 ,/, 3000 ,epoch,Train loss:, 0.952146, acc:, 0.600, Test loss:, 1.004909, acc:, 0.571,---, 0.0385, seconds ---
50 ,/, 3000 ,epoch,Train loss:, 0.878578, acc:, 0.625, Test loss:, 0.991812, acc:, 0.571,---, 0.0385, seconds ---
51 ,/, 3000 ,epoch,Train loss:, 0.936666, acc:, 0.725, Test loss:, 0.978411, acc:, 0.667,---, 0.0388, seconds ---
52 ,/, 3000 ,epoch,Train loss:, 0.846694, acc:, 0.725, Test loss:, 0.951595, acc:, 0.667,---, 0.0388, seconds ---
53 ,/, 3000 ,epoch,Train loss:, 0.973047, acc:, 0.525, Test loss:, 0.924244, acc:, 0.643,---, 0.0389, seconds ---
54 ,/, 3000 ,epoch,Train loss:, 0.843661, acc:, 0.650, Test loss:, 0.894713, acc:, 0.619,---, 0.0388, seconds ---
55 ,/, 3000 ,epoch,Train loss:, 0.932308, acc:, 0.600, Test loss:, 0.881121, acc:, 0.667,---, 0.0389, seconds ---
56 ,/, 3000 ,epoch,Train loss:, 0.973516, acc:, 0.475, Test loss:, 0.868246, acc:, 0.667,---, 0.0389, seconds ---
57 ,/, 3000 ,epoch,Train loss:, 0.890633, acc:, 0.650, Test loss:, 0.809434, acc:, 0.714,---, 0.0387, seconds ---
58 ,/, 3000 ,epoch,Train loss:, 0.860545, acc:, 0.625, Test loss:, 0.837850, acc:, 0.714,---, 0.0387, seconds ---
59 ,/, 3000 ,epoch,Train loss:, 0.960286, acc:, 0.475, Test loss:, 0.849210, acc:, 0.762,---, 0.0386, seconds ---
60 ,/, 3000 ,epoch,Train loss:, 0.974695, acc:, 0.575, Test loss:, 0.884046, acc:, 0.714,---, 0.0385, seconds ---
61 ,/, 3000 ,epoch,Train loss:, 0.988971, acc:, 0.525, Test loss:, 0.896190, acc:, 0.667,---, 0.0386, seconds ---
62 ,/, 3000 ,epoch,Train loss:, 0.829073, acc:, 0.575, Test loss:, 0.919474, acc:, 0.690,---, 0.0386, seconds ---
63 ,/, 3000 ,epoch,Train loss:, 0.886776, acc:, 0.575, Test loss:, 0.918879, acc:, 0.762,---, 0.0386, seconds ---
64 ,/, 3000 ,epoch,Train loss:, 0.841264, acc:, 0.650, Test loss:, 0.900759, acc:, 0.762,---, 0.0388, seconds ---
65 ,/, 3000 ,epoch,Train loss:, 0.922723, acc:, 0.525, Test loss:, 0.892638, acc:, 0.762,---, 0.0387, seconds ---
66 ,/, 3000 ,epoch,Train loss:, 0.933805, acc:, 0.550, Test loss:, 0.894956, acc:, 0.786,---, 0.0387, seconds ---
67 ,/, 3000 ,epoch,Train loss:, 0.804992, acc:, 0.650, Test loss:, 0.888832, acc:, 0.786,---, 0.0387, seconds ---
68 ,/, 3000 ,epoch,Train loss:, 0.978540, acc:, 0.550, Test loss:, 0.879972, acc:, 0.762,---, 0.0387, seconds ---
69 ,/, 3000 ,epoch,Train loss:, 0.876522, acc:, 0.700, Test loss:, 0.874499, acc:, 0.762,---, 0.0386, seconds ---
70 ,/, 3000 ,epoch,Train loss:, 0.892186, acc:, 0.650, Test loss:, 0.884536, acc:, 0.690,---, 0.0384, seconds ---
71 ,/, 3000 ,epoch,Train loss:, 0.913161, acc:, 0.500, Test loss:, 0.889389, acc:, 0.714,---, 0.0385, seconds ---
72 ,/, 3000 ,epoch,Train loss:, 0.765374, acc:, 0.725, Test loss:, 0.887624, acc:, 0.643,---, 0.0386, seconds ---
73 ,/, 3000 ,epoch,Train loss:, 0.793715, acc:, 0.625, Test loss:, 0.852297, acc:, 0.690,---, 0.0385, seconds ---
74 ,/, 3000 ,epoch,Train loss:, 0.865698, acc:, 0.550, Test loss:, 0.837255, acc:, 0.762,---, 0.0384, seconds ---
75 ,/, 3000 ,epoch,Train loss:, 0.776569, acc:, 0.650, Test loss:, 0.843640, acc:, 0.762,---, 0.0386, seconds ---
76 ,/, 3000 ,epoch,Train loss:, 0.848241, acc:, 0.525, Test loss:, 0.854490, acc:, 0.738,---, 0.0384, seconds ---
77 ,/, 3000 ,epoch,Train loss:, 0.787887, acc:, 0.575, Test loss:, 0.826235, acc:, 0.762,---, 0.0387, seconds ---
78 ,/, 3000 ,epoch,Train loss:, 0.721553, acc:, 0.725, Test loss:, 0.804415, acc:, 0.786,---, 0.0387, seconds ---
79 ,/, 3000 ,epoch,Train loss:, 0.774650, acc:, 0.725, Test loss:, 0.806341, acc:, 0.833,---, 0.0388, seconds ---
80 ,/, 3000 ,epoch,Train loss:, 0.847266, acc:, 0.600, Test loss:, 0.798599, acc:, 0.857,---, 0.0387, seconds ---
81 ,/, 3000 ,epoch,Train loss:, 0.729311, acc:, 0.775, Test loss:, 0.753986, acc:, 0.833,---, 0.0389, seconds ---
82 ,/, 3000 ,epoch,Train loss:, 0.759438, acc:, 0.725, Test loss:, 0.754783, acc:, 0.762,---, 0.0389, seconds ---
83 ,/, 3000 ,epoch,Train loss:, 0.759822, acc:, 0.700, Test loss:, 0.727363, acc:, 0.738,---, 0.0393, seconds ---
84 ,/, 3000 ,epoch,Train loss:, 0.796876, acc:, 0.600, Test loss:, 0.741228, acc:, 0.667,---, 0.0388, seconds ---
85 ,/, 3000 ,epoch,Train loss:, 0.597445, acc:, 0.750, Test loss:, 0.733936, acc:, 0.667,---, 0.0388, seconds ---
86 ,/, 3000 ,epoch,Train loss:, 0.653974, acc:, 0.800, Test loss:, 0.715527, acc:, 0.690,---, 0.0386, seconds ---
87 ,/, 3000 ,epoch,Train loss:, 0.686636, acc:, 0.725, Test loss:, 0.700835, acc:, 0.714,---, 0.0390, seconds ---
88 ,/, 3000 ,epoch,Train loss:, 0.557891, acc:, 0.775, Test loss:, 0.685878, acc:, 0.762,---, 0.0388, seconds ---
89 ,/, 3000 ,epoch,Train loss:, 0.624482, acc:, 0.850, Test loss:, 0.679004, acc:, 0.762,---, 0.0389, seconds ---
90 ,/, 3000 ,epoch,Train loss:, 0.708626, acc:, 0.725, Test loss:, 0.696173, acc:, 0.762,---, 0.0389, seconds ---
91 ,/, 3000 ,epoch,Train loss:, 0.633722, acc:, 0.750, Test loss:, 0.693420, acc:, 0.738,---, 0.0385, seconds ---
92 ,/, 3000 ,epoch,Train loss:, 0.687766, acc:, 0.625, Test loss:, 0.695966, acc:, 0.762,---, 0.0385, seconds ---
93 ,/, 3000 ,epoch,Train loss:, 0.700961, acc:, 0.675, Test loss:, 0.689391, acc:, 0.786,---, 0.0386, seconds ---
94 ,/, 3000 ,epoch,Train loss:, 0.640332, acc:, 0.725, Test loss:, 0.683586, acc:, 0.786,---, 0.0385, seconds ---
95 ,/, 3000 ,epoch,Train loss:, 0.711068, acc:, 0.725, Test loss:, 0.641322, acc:, 0.786,---, 0.0386, seconds ---
96 ,/, 3000 ,epoch,Train loss:, 0.540581, acc:, 0.800, Test loss:, 0.590052, acc:, 0.881,---, 0.0387, seconds ---
97 ,/, 3000 ,epoch,Train loss:, 0.781374, acc:, 0.675, Test loss:, 0.581605, acc:, 0.881,---, 0.0387, seconds ---
98 ,/, 3000 ,epoch,Train loss:, 0.574080, acc:, 0.750, Test loss:, 0.617843, acc:, 0.833,---, 0.0389, seconds ---
99 ,/, 3000 ,epoch,Train loss:, 0.634652, acc:, 0.725, Test loss:, 0.654980, acc:, 0.738,---, 0.0386, seconds ---
100 ,/, 3000 ,epoch,Train loss:, 0.644404, acc:, 0.625, Test loss:, 0.689628, acc:, 0.667,---, 0.0386, seconds ---
101 ,/, 3000 ,epoch,Train loss:, 0.621424, acc:, 0.625, Test loss:, 0.729502, acc:, 0.619,---, 0.0387, seconds ---
102 ,/, 3000 ,epoch,Train loss:, 0.486522, acc:, 0.850, Test loss:, 0.731706, acc:, 0.643,---, 0.0386, seconds ---
103 ,/, 3000 ,epoch,Train loss:, 0.601042, acc:, 0.775, Test loss:, 0.690361, acc:, 0.667,---, 0.0387, seconds ---
104 ,/, 3000 ,epoch,Train loss:, 0.695196, acc:, 0.700, Test loss:, 0.628503, acc:, 0.810,---, 0.0385, seconds ---
105 ,/, 3000 ,epoch,Train loss:, 0.703426, acc:, 0.650, Test loss:, 0.561578, acc:, 0.881,---, 0.0385, seconds ---
106 ,/, 3000 ,epoch,Train loss:, 0.603335, acc:, 0.825, Test loss:, 0.529503, acc:, 0.905,---, 0.0389, seconds ---
107 ,/, 3000 ,epoch,Train loss:, 0.701612, acc:, 0.675, Test loss:, 0.551700, acc:, 0.881,---, 0.0387, seconds ---
108 ,/, 3000 ,epoch,Train loss:, 0.649366, acc:, 0.725, Test loss:, 0.584452, acc:, 0.857,---, 0.0385, seconds ---
109 ,/, 3000 ,epoch,Train loss:, 0.747594, acc:, 0.650, Test loss:, 0.634535, acc:, 0.833,---, 0.0385, seconds ---
110 ,/, 3000 ,epoch,Train loss:, 0.562346, acc:, 0.825, Test loss:, 0.624686, acc:, 0.857,---, 0.0386, seconds ---
111 ,/, 3000 ,epoch,Train loss:, 0.561422, acc:, 0.850, Test loss:, 0.621820, acc:, 0.810,---, 0.0385, seconds ---
112 ,/, 3000 ,epoch,Train loss:, 0.586218, acc:, 0.800, Test loss:, 0.651651, acc:, 0.738,---, 0.0386, seconds ---
113 ,/, 3000 ,epoch,Train loss:, 0.582433, acc:, 0.825, Test loss:, 0.637570, acc:, 0.738,---, 0.0385, seconds ---
114 ,/, 3000 ,epoch,Train loss:, 0.621555, acc:, 0.775, Test loss:, 0.639004, acc:, 0.738,---, 0.0385, seconds ---
115 ,/, 3000 ,epoch,Train loss:, 0.516440, acc:, 0.850, Test loss:, 0.589672, acc:, 0.833,---, 0.0386, seconds ---
116 ,/, 3000 ,epoch,Train loss:, 0.645154, acc:, 0.725, Test loss:, 0.562897, acc:, 0.857,---, 0.0388, seconds ---
117 ,/, 3000 ,epoch,Train loss:, 0.585829, acc:, 0.725, Test loss:, 0.487585, acc:, 0.881,---, 0.0387, seconds ---
118 ,/, 3000 ,epoch,Train loss:, 0.477587, acc:, 0.800, Test loss:, 0.493387, acc:, 0.881,---, 0.0388, seconds ---
119 ,/, 3000 ,epoch,Train loss:, 0.493952, acc:, 0.775, Test loss:, 0.483358, acc:, 0.881,---, 0.0385, seconds ---
120 ,/, 3000 ,epoch,Train loss:, 0.513060, acc:, 0.750, Test loss:, 0.487476, acc:, 0.881,---, 0.0388, seconds ---
121 ,/, 3000 ,epoch,Train loss:, 0.578659, acc:, 0.725, Test loss:, 0.517937, acc:, 0.857,---, 0.0387, seconds ---
122 ,/, 3000 ,epoch,Train loss:, 0.527827, acc:, 0.750, Test loss:, 0.552243, acc:, 0.857,---, 0.0386, seconds ---
123 ,/, 3000 ,epoch,Train loss:, 0.455960, acc:, 0.875, Test loss:, 0.550131, acc:, 0.833,---, 0.0387, seconds ---
124 ,/, 3000 ,epoch,Train loss:, 0.551424, acc:, 0.700, Test loss:, 0.538111, acc:, 0.857,---, 0.0385, seconds ---
125 ,/, 3000 ,epoch,Train loss:, 0.478359, acc:, 0.800, Test loss:, 0.502028, acc:, 0.857,---, 0.0384, seconds ---
126 ,/, 3000 ,epoch,Train loss:, 0.558524, acc:, 0.800, Test loss:, 0.466602, acc:, 0.857,---, 0.0386, seconds ---
127 ,/, 3000 ,epoch,Train loss:, 0.501465, acc:, 0.800, Test loss:, 0.480857, acc:, 0.905,---, 0.0388, seconds ---
128 ,/, 3000 ,epoch,Train loss:, 0.532741, acc:, 0.800, Test loss:, 0.446155, acc:, 0.881,---, 0.0386, seconds ---
129 ,/, 3000 ,epoch,Train loss:, 0.456867, acc:, 0.800, Test loss:, 0.462312, acc:, 0.833,---, 0.0392, seconds ---
130 ,/, 3000 ,epoch,Train loss:, 0.628457, acc:, 0.725, Test loss:, 0.500398, acc:, 0.833,---, 0.0387, seconds ---
131 ,/, 3000 ,epoch,Train loss:, 0.616447, acc:, 0.725, Test loss:, 0.525608, acc:, 0.810,---, 0.0386, seconds ---
132 ,/, 3000 ,epoch,Train loss:, 0.393517, acc:, 0.850, Test loss:, 0.552805, acc:, 0.762,---, 0.0386, seconds ---
133 ,/, 3000 ,epoch,Train loss:, 0.469240, acc:, 0.825, Test loss:, 0.545633, acc:, 0.738,---, 0.0385, seconds ---
134 ,/, 3000 ,epoch,Train loss:, 0.460470, acc:, 0.850, Test loss:, 0.545140, acc:, 0.786,---, 0.0386, seconds ---
135 ,/, 3000 ,epoch,Train loss:, 0.636769, acc:, 0.675, Test loss:, 0.533988, acc:, 0.810,---, 0.0384, seconds ---
136 ,/, 3000 ,epoch,Train loss:, 0.474734, acc:, 0.875, Test loss:, 0.484399, acc:, 0.810,---, 0.0385, seconds ---
137 ,/, 3000 ,epoch,Train loss:, 0.451742, acc:, 0.850, Test loss:, 0.440717, acc:, 0.810,---, 0.0386, seconds ---
138 ,/, 3000 ,epoch,Train loss:, 0.340816, acc:, 0.975, Test loss:, 0.439730, acc:, 0.810,---, 0.0390, seconds ---
139 ,/, 3000 ,epoch,Train loss:, 0.472393, acc:, 0.800, Test loss:, 0.473795, acc:, 0.810,---, 0.0389, seconds ---
140 ,/, 3000 ,epoch,Train loss:, 0.389793, acc:, 0.825, Test loss:, 0.521053, acc:, 0.810,---, 0.0385, seconds ---
141 ,/, 3000 ,epoch,Train loss:, 0.548427, acc:, 0.750, Test loss:, 0.601324, acc:, 0.786,---, 0.0384, seconds ---
142 ,/, 3000 ,epoch,Train loss:, 0.566658, acc:, 0.775, Test loss:, 0.631706, acc:, 0.738,---, 0.0387, seconds ---
143 ,/, 3000 ,epoch,Train loss:, 0.597881, acc:, 0.775, Test loss:, 0.607403, acc:, 0.762,---, 0.0385, seconds ---
144 ,/, 3000 ,epoch,Train loss:, 0.463589, acc:, 0.800, Test loss:, 0.533206, acc:, 0.833,---, 0.0385, seconds ---
145 ,/, 3000 ,epoch,Train loss:, 0.349877, acc:, 0.900, Test loss:, 0.413672, acc:, 0.833,---, 0.0385, seconds ---
146 ,/, 3000 ,epoch,Train loss:, 0.381321, acc:, 0.775, Test loss:, 0.402270, acc:, 0.881,---, 0.0389, seconds ---
147 ,/, 3000 ,epoch,Train loss:, 0.557011, acc:, 0.700, Test loss:, 0.389049, acc:, 0.857,---, 0.0389, seconds ---
148 ,/, 3000 ,epoch,Train loss:, 0.465304, acc:, 0.775, Test loss:, 0.398863, acc:, 0.857,---, 0.0388, seconds ---
149 ,/, 3000 ,epoch,Train loss:, 0.327527, acc:, 0.850, Test loss:, 0.433196, acc:, 0.833,---, 0.0386, seconds ---
150 ,/, 3000 ,epoch,Train loss:, 0.443395, acc:, 0.800, Test loss:, 0.438004, acc:, 0.833,---, 0.0385, seconds ---
151 ,/, 3000 ,epoch,Train loss:, 0.438495, acc:, 0.750, Test loss:, 0.412593, acc:, 0.857,---, 0.0386, seconds ---
152 ,/, 3000 ,epoch,Train loss:, 0.404271, acc:, 0.800, Test loss:, 0.400738, acc:, 0.881,---, 0.0386, seconds ---
153 ,/, 3000 ,epoch,Train loss:, 0.398569, acc:, 0.900, Test loss:, 0.396809, acc:, 0.857,---, 0.0385, seconds ---
154 ,/, 3000 ,epoch,Train loss:, 0.353063, acc:, 0.900, Test loss:, 0.407222, acc:, 0.810,---, 0.0387, seconds ---
155 ,/, 3000 ,epoch,Train loss:, 0.487478, acc:, 0.775, Test loss:, 0.414574, acc:, 0.810,---, 0.0386, seconds ---
156 ,/, 3000 ,epoch,Train loss:, 0.532523, acc:, 0.775, Test loss:, 0.409235, acc:, 0.833,---, 0.0384, seconds ---
157 ,/, 3000 ,epoch,Train loss:, 0.332560, acc:, 0.850, Test loss:, 0.413004, acc:, 0.857,---, 0.0386, seconds ---
158 ,/, 3000 ,epoch,Train loss:, 0.470075, acc:, 0.775, Test loss:, 0.414975, acc:, 0.881,---, 0.0386, seconds ---
159 ,/, 3000 ,epoch,Train loss:, 0.529285, acc:, 0.825, Test loss:, 0.468423, acc:, 0.833,---, 0.0384, seconds ---
160 ,/, 3000 ,epoch,Train loss:, 0.300155, acc:, 0.875, Test loss:, 0.505391, acc:, 0.786,---, 0.0385, seconds ---
161 ,/, 3000 ,epoch,Train loss:, 0.390379, acc:, 0.825, Test loss:, 0.509165, acc:, 0.786,---, 0.0384, seconds ---
162 ,/, 3000 ,epoch,Train loss:, 0.364601, acc:, 0.875, Test loss:, 0.417443, acc:, 0.857,---, 0.0386, seconds ---
163 ,/, 3000 ,epoch,Train loss:, 0.415298, acc:, 0.875, Test loss:, 0.338283, acc:, 0.905,---, 0.0385, seconds ---
164 ,/, 3000 ,epoch,Train loss:, 0.474288, acc:, 0.800, Test loss:, 0.324359, acc:, 0.881,---, 0.0389, seconds ---
165 ,/, 3000 ,epoch,Train loss:, 0.354287, acc:, 0.825, Test loss:, 0.318898, acc:, 0.881,---, 0.0389, seconds ---
166 ,/, 3000 ,epoch,Train loss:, 0.313389, acc:, 0.850, Test loss:, 0.350958, acc:, 0.881,---, 0.0390, seconds ---
167 ,/, 3000 ,epoch,Train loss:, 0.360820, acc:, 0.850, Test loss:, 0.353437, acc:, 0.881,---, 0.0386, seconds ---
168 ,/, 3000 ,epoch,Train loss:, 0.318656, acc:, 0.825, Test loss:, 0.385415, acc:, 0.857,---, 0.0388, seconds ---
169 ,/, 3000 ,epoch,Train loss:, 0.293840, acc:, 0.950, Test loss:, 0.397091, acc:, 0.857,---, 0.0387, seconds ---
170 ,/, 3000 ,epoch,Train loss:, 0.299690, acc:, 0.925, Test loss:, 0.404584, acc:, 0.857,---, 0.0385, seconds ---
171 ,/, 3000 ,epoch,Train loss:, 0.426610, acc:, 0.800, Test loss:, 0.435439, acc:, 0.881,---, 0.0387, seconds ---
172 ,/, 3000 ,epoch,Train loss:, 0.368303, acc:, 0.900, Test loss:, 0.470847, acc:, 0.810,---, 0.0386, seconds ---
173 ,/, 3000 ,epoch,Train loss:, 0.424064, acc:, 0.875, Test loss:, 0.444421, acc:, 0.833,---, 0.0385, seconds ---
174 ,/, 3000 ,epoch,Train loss:, 0.303404, acc:, 0.900, Test loss:, 0.430975, acc:, 0.833,---, 0.0386, seconds ---
175 ,/, 3000 ,epoch,Train loss:, 0.385784, acc:, 0.800, Test loss:, 0.418735, acc:, 0.833,---, 0.0387, seconds ---
176 ,/, 3000 ,epoch,Train loss:, 0.412708, acc:, 0.825, Test loss:, 0.423039, acc:, 0.833,---, 0.0386, seconds ---
177 ,/, 3000 ,epoch,Train loss:, 0.416047, acc:, 0.850, Test loss:, 0.424167, acc:, 0.833,---, 0.0384, seconds ---
178 ,/, 3000 ,epoch,Train loss:, 0.427610, acc:, 0.725, Test loss:, 0.417699, acc:, 0.833,---, 0.0385, seconds ---
179 ,/, 3000 ,epoch,Train loss:, 0.326552, acc:, 0.900, Test loss:, 0.408148, acc:, 0.857,---, 0.0386, seconds ---
180 ,/, 3000 ,epoch,Train loss:, 0.353913, acc:, 0.875, Test loss:, 0.434891, acc:, 0.857,---, 0.0386, seconds ---
181 ,/, 3000 ,epoch,Train loss:, 0.258264, acc:, 0.925, Test loss:, 0.455758, acc:, 0.833,---, 0.0386, seconds ---
182 ,/, 3000 ,epoch,Train loss:, 0.399526, acc:, 0.875, Test loss:, 0.413003, acc:, 0.857,---, 0.0386, seconds ---
183 ,/, 3000 ,epoch,Train loss:, 0.383846, acc:, 0.875, Test loss:, 0.407214, acc:, 0.833,---, 0.0384, seconds ---
184 ,/, 3000 ,epoch,Train loss:, 0.464069, acc:, 0.800, Test loss:, 0.396565, acc:, 0.857,---, 0.0386, seconds ---
185 ,/, 3000 ,epoch,Train loss:, 0.324179, acc:, 0.900, Test loss:, 0.464374, acc:, 0.833,---, 0.0385, seconds ---
186 ,/, 3000 ,epoch,Train loss:, 0.380415, acc:, 0.875, Test loss:, 0.484484, acc:, 0.810,---, 0.0386, seconds ---
187 ,/, 3000 ,epoch,Train loss:, 0.469272, acc:, 0.875, Test loss:, 0.439236, acc:, 0.833,---, 0.0386, seconds ---
188 ,/, 3000 ,epoch,Train loss:, 0.304659, acc:, 0.950, Test loss:, 0.421197, acc:, 0.833,---, 0.0386, seconds ---
189 ,/, 3000 ,epoch,Train loss:, 0.289222, acc:, 0.925, Test loss:, 0.449082, acc:, 0.810,---, 0.0385, seconds ---
190 ,/, 3000 ,epoch,Train loss:, 0.276599, acc:, 0.925, Test loss:, 0.434651, acc:, 0.810,---, 0.0385, seconds ---
191 ,/, 3000 ,epoch,Train loss:, 0.320857, acc:, 0.875, Test loss:, 0.414127, acc:, 0.810,---, 0.0387, seconds ---
192 ,/, 3000 ,epoch,Train loss:, 0.331322, acc:, 0.825, Test loss:, 0.391352, acc:, 0.857,---, 0.0384, seconds ---
193 ,/, 3000 ,epoch,Train loss:, 0.303262, acc:, 0.875, Test loss:, 0.404144, acc:, 0.857,---, 0.0386, seconds ---
194 ,/, 3000 ,epoch,Train loss:, 0.207095, acc:, 0.950, Test loss:, 0.401726, acc:, 0.857,---, 0.0387, seconds ---
195 ,/, 3000 ,epoch,Train loss:, 0.322002, acc:, 0.900, Test loss:, 0.442082, acc:, 0.857,---, 0.0389, seconds ---
196 ,/, 3000 ,epoch,Train loss:, 0.297439, acc:, 0.925, Test loss:, 0.401367, acc:, 0.857,---, 0.0390, seconds ---
197 ,/, 3000 ,epoch,Train loss:, 0.411047, acc:, 0.800, Test loss:, 0.391848, acc:, 0.857,---, 0.0389, seconds ---
198 ,/, 3000 ,epoch,Train loss:, 0.358879, acc:, 0.875, Test loss:, 0.405307, acc:, 0.857,---, 0.0385, seconds ---
199 ,/, 3000 ,epoch,Train loss:, 0.287974, acc:, 0.875, Test loss:, 0.449244, acc:, 0.833,---, 0.0389, seconds ---
200 ,/, 3000 ,epoch,Train loss:, 0.331494, acc:, 0.850, Test loss:, 0.553833, acc:, 0.786,---, 0.0386, seconds ---
201 ,/, 3000 ,epoch,Train loss:, 0.312118, acc:, 0.850, Test loss:, 0.547802, acc:, 0.786,---, 0.0387, seconds ---
202 ,/, 3000 ,epoch,Train loss:, 0.260807, acc:, 0.975, Test loss:, 0.487537, acc:, 0.786,---, 0.0384, seconds ---
203 ,/, 3000 ,epoch,Train loss:, 0.315732, acc:, 0.925, Test loss:, 0.413121, acc:, 0.857,---, 0.0384, seconds ---
204 ,/, 3000 ,epoch,Train loss:, 0.359529, acc:, 0.850, Test loss:, 0.467132, acc:, 0.810,---, 0.0386, seconds ---
205 ,/, 3000 ,epoch,Train loss:, 0.358881, acc:, 0.850, Test loss:, 0.476646, acc:, 0.810,---, 0.0387, seconds ---
206 ,/, 3000 ,epoch,Train loss:, 0.373161, acc:, 0.800, Test loss:, 0.496656, acc:, 0.810,---, 0.0388, seconds ---
207 ,/, 3000 ,epoch,Train loss:, 0.327873, acc:, 0.825, Test loss:, 0.446930, acc:, 0.857,---, 0.0386, seconds ---
208 ,/, 3000 ,epoch,Train loss:, 0.380710, acc:, 0.775, Test loss:, 0.410934, acc:, 0.857,---, 0.0386, seconds ---
209 ,/, 3000 ,epoch,Train loss:, 0.418008, acc:, 0.775, Test loss:, 0.428376, acc:, 0.786,---, 0.0386, seconds ---
210 ,/, 3000 ,epoch,Train loss:, 0.286332, acc:, 0.875, Test loss:, 0.484814, acc:, 0.833,---, 0.0386, seconds ---
211 ,/, 3000 ,epoch,Train loss:, 0.208743, acc:, 0.900, Test loss:, 0.467876, acc:, 0.857,---, 0.0384, seconds ---
212 ,/, 3000 ,epoch,Train loss:, 0.362165, acc:, 0.850, Test loss:, 0.404159, acc:, 0.810,---, 0.0388, seconds ---
213 ,/, 3000 ,epoch,Train loss:, 0.342204, acc:, 0.825, Test loss:, 0.362613, acc:, 0.833,---, 0.0384, seconds ---
214 ,/, 3000 ,epoch,Train loss:, 0.223182, acc:, 0.900, Test loss:, 0.358930, acc:, 0.833,---, 0.0386, seconds ---
215 ,/, 3000 ,epoch,Train loss:, 0.318195, acc:, 0.925, Test loss:, 0.365831, acc:, 0.810,---, 0.0385, seconds ---
216 ,/, 3000 ,epoch,Train loss:, 0.366787, acc:, 0.825, Test loss:, 0.450299, acc:, 0.810,---, 0.0385, seconds ---
217 ,/, 3000 ,epoch,Train loss:, 0.249014, acc:, 0.925, Test loss:, 0.539542, acc:, 0.714,---, 0.0386, seconds ---
218 ,/, 3000 ,epoch,Train loss:, 0.313781, acc:, 0.850, Test loss:, 0.647669, acc:, 0.714,---, 0.0384, seconds ---
219 ,/, 3000 ,epoch,Train loss:, 0.297824, acc:, 0.875, Test loss:, 0.661718, acc:, 0.690,---, 0.0386, seconds ---
220 ,/, 3000 ,epoch,Train loss:, 0.462510, acc:, 0.750, Test loss:, 0.640371, acc:, 0.714,---, 0.0405, seconds ---
221 ,/, 3000 ,epoch,Train loss:, 0.336759, acc:, 0.825, Test loss:, 0.633778, acc:, 0.690,---, 0.0391, seconds ---
222 ,/, 3000 ,epoch,Train loss:, 0.350434, acc:, 0.825, Test loss:, 0.615670, acc:, 0.738,---, 0.0386, seconds ---
223 ,/, 3000 ,epoch,Train loss:, 0.465903, acc:, 0.800, Test loss:, 0.571598, acc:, 0.714,---, 0.0385, seconds ---
224 ,/, 3000 ,epoch,Train loss:, 0.580118, acc:, 0.725, Test loss:, 0.566480, acc:, 0.786,---, 0.0385, seconds ---
225 ,/, 3000 ,epoch,Train loss:, 0.369047, acc:, 0.850, Test loss:, 0.578995, acc:, 0.786,---, 0.0385, seconds ---
226 ,/, 3000 ,epoch,Train loss:, 0.385144, acc:, 0.900, Test loss:, 0.578635, acc:, 0.833,---, 0.0386, seconds ---
227 ,/, 3000 ,epoch,Train loss:, 0.487241, acc:, 0.850, Test loss:, 0.500686, acc:, 0.857,---, 0.0385, seconds ---
228 ,/, 3000 ,epoch,Train loss:, 0.319452, acc:, 0.875, Test loss:, 0.459476, acc:, 0.810,---, 0.0386, seconds ---
229 ,/, 3000 ,epoch,Train loss:, 0.282928, acc:, 0.850, Test loss:, 0.476495, acc:, 0.833,---, 0.0385, seconds ---
230 ,/, 3000 ,epoch,Train loss:, 0.326350, acc:, 0.850, Test loss:, 0.466102, acc:, 0.833,---, 0.0385, seconds ---
231 ,/, 3000 ,epoch,Train loss:, 0.444287, acc:, 0.825, Test loss:, 0.508449, acc:, 0.857,---, 0.0384, seconds ---
232 ,/, 3000 ,epoch,Train loss:, 0.442733, acc:, 0.775, Test loss:, 0.611627, acc:, 0.833,---, 0.0389, seconds ---
233 ,/, 3000 ,epoch,Train loss:, 0.291758, acc:, 0.900, Test loss:, 0.747110, acc:, 0.762,---, 0.0385, seconds ---
234 ,/, 3000 ,epoch,Train loss:, 0.382787, acc:, 0.800, Test loss:, 0.692735, acc:, 0.762,---, 0.0383, seconds ---
235 ,/, 3000 ,epoch,Train loss:, 0.335223, acc:, 0.800, Test loss:, 0.490778, acc:, 0.857,---, 0.0386, seconds ---
236 ,/, 3000 ,epoch,Train loss:, 0.294565, acc:, 0.925, Test loss:, 0.366599, acc:, 0.833,---, 0.0386, seconds ---
237 ,/, 3000 ,epoch,Train loss:, 0.251416, acc:, 0.900, Test loss:, 0.361688, acc:, 0.786,---, 0.0385, seconds ---
238 ,/, 3000 ,epoch,Train loss:, 0.439177, acc:, 0.775, Test loss:, 0.364429, acc:, 0.786,---, 0.0388, seconds ---
239 ,/, 3000 ,epoch,Train loss:, 0.318083, acc:, 0.850, Test loss:, 0.418963, acc:, 0.857,---, 0.0384, seconds ---
240 ,/, 3000 ,epoch,Train loss:, 0.299973, acc:, 0.875, Test loss:, 0.563488, acc:, 0.786,---, 0.0386, seconds ---
241 ,/, 3000 ,epoch,Train loss:, 0.284788, acc:, 0.900, Test loss:, 0.729848, acc:, 0.738,---, 0.0385, seconds ---
242 ,/, 3000 ,epoch,Train loss:, 0.306241, acc:, 0.925, Test loss:, 0.851788, acc:, 0.667,---, 0.0386, seconds ---
243 ,/, 3000 ,epoch,Train loss:, 0.370743, acc:, 0.825, Test loss:, 0.779512, acc:, 0.690,---, 0.0387, seconds ---
244 ,/, 3000 ,epoch,Train loss:, 0.305062, acc:, 0.925, Test loss:, 0.648237, acc:, 0.714,---, 0.0384, seconds ---
245 ,/, 3000 ,epoch,Train loss:, 0.258394, acc:, 0.925, Test loss:, 0.593833, acc:, 0.667,---, 0.0385, seconds ---
246 ,/, 3000 ,epoch,Train loss:, 0.280625, acc:, 0.925, Test loss:, 0.528795, acc:, 0.690,---, 0.0387, seconds ---
247 ,/, 3000 ,epoch,Train loss:, 0.304541, acc:, 0.950, Test loss:, 0.499808, acc:, 0.738,---, 0.0386, seconds ---
248 ,/, 3000 ,epoch,Train loss:, 0.330664, acc:, 0.850, Test loss:, 0.502959, acc:, 0.714,---, 0.0386, seconds ---
249 ,/, 3000 ,epoch,Train loss:, 0.269755, acc:, 0.875, Test loss:, 0.542010, acc:, 0.738,---, 0.0386, seconds ---
250 ,/, 3000 ,epoch,Train loss:, 0.253775, acc:, 0.875, Test loss:, 0.621325, acc:, 0.738,---, 0.0385, seconds ---
251 ,/, 3000 ,epoch,Train loss:, 0.309091, acc:, 0.900, Test loss:, 0.469928, acc:, 0.833,---, 0.0386, seconds ---
252 ,/, 3000 ,epoch,Train loss:, 0.381629, acc:, 0.900, Test loss:, 0.391495, acc:, 0.857,---, 0.0385, seconds ---
253 ,/, 3000 ,epoch,Train loss:, 0.231585, acc:, 0.925, Test loss:, 0.386567, acc:, 0.857,---, 0.0385, seconds ---
254 ,/, 3000 ,epoch,Train loss:, 0.352146, acc:, 0.875, Test loss:, 0.388118, acc:, 0.857,---, 0.0386, seconds ---
255 ,/, 3000 ,epoch,Train loss:, 0.266579, acc:, 0.900, Test loss:, 0.409342, acc:, 0.857,---, 0.0384, seconds ---
256 ,/, 3000 ,epoch,Train loss:, 0.279711, acc:, 0.900, Test loss:, 0.461097, acc:, 0.857,---, 0.0385, seconds ---
257 ,/, 3000 ,epoch,Train loss:, 0.252074, acc:, 0.875, Test loss:, 0.544327, acc:, 0.833,---, 0.0387, seconds ---
258 ,/, 3000 ,epoch,Train loss:, 0.225875, acc:, 0.900, Test loss:, 0.670088, acc:, 0.738,---, 0.0387, seconds ---
259 ,/, 3000 ,epoch,Train loss:, 0.448069, acc:, 0.825, Test loss:, 0.625766, acc:, 0.762,---, 0.0386, seconds ---
260 ,/, 3000 ,epoch,Train loss:, 0.300429, acc:, 0.900, Test loss:, 0.529018, acc:, 0.857,---, 0.0385, seconds ---
261 ,/, 3000 ,epoch,Train loss:, 0.244642, acc:, 0.925, Test loss:, 0.474497, acc:, 0.857,---, 0.0386, seconds ---
262 ,/, 3000 ,epoch,Train loss:, 0.285252, acc:, 0.900, Test loss:, 0.447014, acc:, 0.881,---, 0.0385, seconds ---
263 ,/, 3000 ,epoch,Train loss:, 0.207033, acc:, 0.900, Test loss:, 0.446703, acc:, 0.857,---, 0.0385, seconds ---
264 ,/, 3000 ,epoch,Train loss:, 0.309110, acc:, 0.825, Test loss:, 0.457422, acc:, 0.857,---, 0.0385, seconds ---
265 ,/, 3000 ,epoch,Train loss:, 0.354165, acc:, 0.850, Test loss:, 0.516141, acc:, 0.810,---, 0.0386, seconds ---
266 ,/, 3000 ,epoch,Train loss:, 0.334758, acc:, 0.800, Test loss:, 0.611102, acc:, 0.810,---, 0.0385, seconds ---
267 ,/, 3000 ,epoch,Train loss:, 0.371109, acc:, 0.800, Test loss:, 0.642646, acc:, 0.810,---, 0.0386, seconds ---
268 ,/, 3000 ,epoch,Train loss:, 0.249345, acc:, 0.925, Test loss:, 0.604243, acc:, 0.810,---, 0.0391, seconds ---
269 ,/, 3000 ,epoch,Train loss:, 0.248603, acc:, 0.900, Test loss:, 0.557835, acc:, 0.810,---, 0.0385, seconds ---
270 ,/, 3000 ,epoch,Train loss:, 0.265800, acc:, 0.850, Test loss:, 0.517420, acc:, 0.810,---, 0.0385, seconds ---
271 ,/, 3000 ,epoch,Train loss:, 0.302595, acc:, 0.875, Test loss:, 0.493984, acc:, 0.810,---, 0.0385, seconds ---
272 ,/, 3000 ,epoch,Train loss:, 0.175832, acc:, 0.900, Test loss:, 0.486297, acc:, 0.810,---, 0.0386, seconds ---
273 ,/, 3000 ,epoch,Train loss:, 0.341110, acc:, 0.875, Test loss:, 0.473819, acc:, 0.857,---, 0.0385, seconds ---
274 ,/, 3000 ,epoch,Train loss:, 0.221808, acc:, 0.900, Test loss:, 0.444500, acc:, 0.857,---, 0.0394, seconds ---
275 ,/, 3000 ,epoch,Train loss:, 0.258208, acc:, 0.875, Test loss:, 0.448549, acc:, 0.857,---, 0.0389, seconds ---
276 ,/, 3000 ,epoch,Train loss:, 0.150106, acc:, 0.925, Test loss:, 0.439505, acc:, 0.857,---, 0.0387, seconds ---
277 ,/, 3000 ,epoch,Train loss:, 0.315702, acc:, 0.925, Test loss:, 0.426906, acc:, 0.881,---, 0.0386, seconds ---
278 ,/, 3000 ,epoch,Train loss:, 0.241847, acc:, 0.925, Test loss:, 0.419930, acc:, 0.881,---, 0.0384, seconds ---
279 ,/, 3000 ,epoch,Train loss:, 0.350820, acc:, 0.800, Test loss:, 0.443230, acc:, 0.881,---, 0.0387, seconds ---
280 ,/, 3000 ,epoch,Train loss:, 0.269790, acc:, 0.850, Test loss:, 0.440980, acc:, 0.881,---, 0.0386, seconds ---
281 ,/, 3000 ,epoch,Train loss:, 0.080160, acc:, 0.975, Test loss:, 0.444187, acc:, 0.857,---, 0.0384, seconds ---
282 ,/, 3000 ,epoch,Train loss:, 0.216358, acc:, 0.875, Test loss:, 0.408818, acc:, 0.857,---, 0.0386, seconds ---
283 ,/, 3000 ,epoch,Train loss:, 0.245796, acc:, 0.925, Test loss:, 0.415886, acc:, 0.881,---, 0.0385, seconds ---
284 ,/, 3000 ,epoch,Train loss:, 0.232542, acc:, 0.925, Test loss:, 0.425245, acc:, 0.857,---, 0.0385, seconds ---
285 ,/, 3000 ,epoch,Train loss:, 0.187177, acc:, 0.950, Test loss:, 0.424451, acc:, 0.857,---, 0.0385, seconds ---
286 ,/, 3000 ,epoch,Train loss:, 0.256546, acc:, 0.875, Test loss:, 0.428476, acc:, 0.857,---, 0.0385, seconds ---
287 ,/, 3000 ,epoch,Train loss:, 0.298694, acc:, 0.800, Test loss:, 0.473411, acc:, 0.857,---, 0.0386, seconds ---
288 ,/, 3000 ,epoch,Train loss:, 0.314357, acc:, 0.825, Test loss:, 0.578445, acc:, 0.857,---, 0.0385, seconds ---
289 ,/, 3000 ,epoch,Train loss:, 0.285571, acc:, 0.850, Test loss:, 0.660735, acc:, 0.762,---, 0.0385, seconds ---
290 ,/, 3000 ,epoch,Train loss:, 0.326241, acc:, 0.850, Test loss:, 0.533415, acc:, 0.833,---, 0.0387, seconds ---
291 ,/, 3000 ,epoch,Train loss:, 0.152235, acc:, 0.975, Test loss:, 0.481565, acc:, 0.857,---, 0.0384, seconds ---
292 ,/, 3000 ,epoch,Train loss:, 0.246619, acc:, 0.900, Test loss:, 0.478168, acc:, 0.833,---, 0.0385, seconds ---
293 ,/, 3000 ,epoch,Train loss:, 0.314957, acc:, 0.850, Test loss:, 0.500296, acc:, 0.786,---, 0.0386, seconds ---
294 ,/, 3000 ,epoch,Train loss:, 0.362030, acc:, 0.825, Test loss:, 0.518159, acc:, 0.786,---, 0.0384, seconds ---
295 ,/, 3000 ,epoch,Train loss:, 0.242690, acc:, 0.925, Test loss:, 0.537298, acc:, 0.786,---, 0.0385, seconds ---
296 ,/, 3000 ,epoch,Train loss:, 0.365448, acc:, 0.850, Test loss:, 0.542545, acc:, 0.786,---, 0.0384, seconds ---
297 ,/, 3000 ,epoch,Train loss:, 0.286812, acc:, 0.875, Test loss:, 0.547325, acc:, 0.762,---, 0.0386, seconds ---
298 ,/, 3000 ,epoch,Train loss:, 0.224247, acc:, 0.950, Test loss:, 0.542637, acc:, 0.738,---, 0.0386, seconds ---
299 ,/, 3000 ,epoch,Train loss:, 0.191149, acc:, 0.975, Test loss:, 0.537615, acc:, 0.738,---, 0.0386, seconds ---
300 ,/, 3000 ,epoch,Train loss:, 0.377038, acc:, 0.825, Test loss:, 0.542964, acc:, 0.738,---, 0.0386, seconds ---
301 ,/, 3000 ,epoch,Train loss:, 0.272208, acc:, 0.925, Test loss:, 0.526367, acc:, 0.762,---, 0.0385, seconds ---
302 ,/, 3000 ,epoch,Train loss:, 0.279101, acc:, 0.900, Test loss:, 0.501096, acc:, 0.762,---, 0.0386, seconds ---
303 ,/, 3000 ,epoch,Train loss:, 0.294495, acc:, 0.900, Test loss:, 0.516371, acc:, 0.762,---, 0.0385, seconds ---
304 ,/, 3000 ,epoch,Train loss:, 0.195015, acc:, 0.950, Test loss:, 0.521514, acc:, 0.762,---, 0.0386, seconds ---
305 ,/, 3000 ,epoch,Train loss:, 0.363392, acc:, 0.875, Test loss:, 0.527863, acc:, 0.762,---, 0.0406, seconds ---
306 ,/, 3000 ,epoch,Train loss:, 0.479253, acc:, 0.750, Test loss:, 0.474733, acc:, 0.786,---, 0.0397, seconds ---
307 ,/, 3000 ,epoch,Train loss:, 0.330153, acc:, 0.875, Test loss:, 0.407367, acc:, 0.857,---, 0.0385, seconds ---
308 ,/, 3000 ,epoch,Train loss:, 0.183117, acc:, 0.950, Test loss:, 0.403403, acc:, 0.833,---, 0.0385, seconds ---
309 ,/, 3000 ,epoch,Train loss:, 0.348950, acc:, 0.875, Test loss:, 0.410222, acc:, 0.833,---, 0.0386, seconds ---
310 ,/, 3000 ,epoch,Train loss:, 0.248468, acc:, 0.875, Test loss:, 0.439970, acc:, 0.833,---, 0.0386, seconds ---
311 ,/, 3000 ,epoch,Train loss:, 0.168409, acc:, 0.975, Test loss:, 0.462778, acc:, 0.833,---, 0.0386, seconds ---
312 ,/, 3000 ,epoch,Train loss:, 0.244091, acc:, 0.925, Test loss:, 0.498621, acc:, 0.833,---, 0.0383, seconds ---
313 ,/, 3000 ,epoch,Train loss:, 0.356085, acc:, 0.800, Test loss:, 0.517182, acc:, 0.810,---, 0.0386, seconds ---
314 ,/, 3000 ,epoch,Train loss:, 0.203927, acc:, 0.925, Test loss:, 0.518330, acc:, 0.810,---, 0.0385, seconds ---
315 ,/, 3000 ,epoch,Train loss:, 0.317473, acc:, 0.850, Test loss:, 0.520472, acc:, 0.810,---, 0.0385, seconds ---
316 ,/, 3000 ,epoch,Train loss:, 0.324884, acc:, 0.850, Test loss:, 0.522252, acc:, 0.810,---, 0.0387, seconds ---
317 ,/, 3000 ,epoch,Train loss:, 0.212670, acc:, 0.900, Test loss:, 0.487856, acc:, 0.810,---, 0.0384, seconds ---
318 ,/, 3000 ,epoch,Train loss:, 0.392533, acc:, 0.825, Test loss:, 0.460909, acc:, 0.810,---, 0.0386, seconds ---
319 ,/, 3000 ,epoch,Train loss:, 0.331648, acc:, 0.875, Test loss:, 0.446085, acc:, 0.833,---, 0.0385, seconds ---
320 ,/, 3000 ,epoch,Train loss:, 0.233760, acc:, 0.900, Test loss:, 0.383353, acc:, 0.857,---, 0.0385, seconds ---
321 ,/, 3000 ,epoch,Train loss:, 0.288819, acc:, 0.875, Test loss:, 0.376441, acc:, 0.857,---, 0.0386, seconds ---
322 ,/, 3000 ,epoch,Train loss:, 0.211711, acc:, 0.950, Test loss:, 0.431397, acc:, 0.833,---, 0.0384, seconds ---
323 ,/, 3000 ,epoch,Train loss:, 0.320001, acc:, 0.850, Test loss:, 0.402592, acc:, 0.857,---, 0.0384, seconds ---
324 ,/, 3000 ,epoch,Train loss:, 0.471583, acc:, 0.775, Test loss:, 0.401064, acc:, 0.857,---, 0.0386, seconds ---
325 ,/, 3000 ,epoch,Train loss:, 0.282440, acc:, 0.875, Test loss:, 0.395066, acc:, 0.857,---, 0.0384, seconds ---
326 ,/, 3000 ,epoch,Train loss:, 0.160240, acc:, 0.975, Test loss:, 0.386543, acc:, 0.881,---, 0.0386, seconds ---
327 ,/, 3000 ,epoch,Train loss:, 0.203884, acc:, 0.900, Test loss:, 0.373919, acc:, 0.905,---, 0.0385, seconds ---
328 ,/, 3000 ,epoch,Train loss:, 0.268378, acc:, 0.875, Test loss:, 0.407253, acc:, 0.881,---, 0.0387, seconds ---
329 ,/, 3000 ,epoch,Train loss:, 0.205975, acc:, 0.875, Test loss:, 0.491353, acc:, 0.810,---, 0.0386, seconds ---
330 ,/, 3000 ,epoch,Train loss:, 0.288596, acc:, 0.875, Test loss:, 0.543520, acc:, 0.786,---, 0.0384, seconds ---
331 ,/, 3000 ,epoch,Train loss:, 0.215670, acc:, 0.900, Test loss:, 0.534021, acc:, 0.833,---, 0.0385, seconds ---
332 ,/, 3000 ,epoch,Train loss:, 0.253089, acc:, 0.925, Test loss:, 0.468016, acc:, 0.833,---, 0.0385, seconds ---
333 ,/, 3000 ,epoch,Train loss:, 0.208971, acc:, 0.925, Test loss:, 0.442067, acc:, 0.881,---, 0.0384, seconds ---
334 ,/, 3000 ,epoch,Train loss:, 0.289916, acc:, 0.875, Test loss:, 0.484974, acc:, 0.857,---, 0.0385, seconds ---
335 ,/, 3000 ,epoch,Train loss:, 0.265305, acc:, 0.825, Test loss:, 0.501242, acc:, 0.833,---, 0.0386, seconds ---
336 ,/, 3000 ,epoch,Train loss:, 0.231190, acc:, 0.925, Test loss:, 0.537772, acc:, 0.810,---, 0.0389, seconds ---
337 ,/, 3000 ,epoch,Train loss:, 0.291478, acc:, 0.900, Test loss:, 0.542069, acc:, 0.810,---, 0.0386, seconds ---
338 ,/, 3000 ,epoch,Train loss:, 0.213185, acc:, 0.925, Test loss:, 0.582176, acc:, 0.762,---, 0.0385, seconds ---
339 ,/, 3000 ,epoch,Train loss:, 0.338120, acc:, 0.900, Test loss:, 0.644412, acc:, 0.786,---, 0.0385, seconds ---
340 ,/, 3000 ,epoch,Train loss:, 0.345393, acc:, 0.850, Test loss:, 0.582746, acc:, 0.786,---, 0.0386, seconds ---
341 ,/, 3000 ,epoch,Train loss:, 0.242900, acc:, 0.925, Test loss:, 0.545604, acc:, 0.762,---, 0.0385, seconds ---
342 ,/, 3000 ,epoch,Train loss:, 0.241990, acc:, 0.925, Test loss:, 0.549646, acc:, 0.810,---, 0.0388, seconds ---
343 ,/, 3000 ,epoch,Train loss:, 0.170361, acc:, 0.975, Test loss:, 0.579584, acc:, 0.810,---, 0.0385, seconds ---
344 ,/, 3000 ,epoch,Train loss:, 0.198940, acc:, 0.950, Test loss:, 0.591318, acc:, 0.833,---, 0.0385, seconds ---
345 ,/, 3000 ,epoch,Train loss:, 0.372564, acc:, 0.850, Test loss:, 0.604239, acc:, 0.810,---, 0.0386, seconds ---
346 ,/, 3000 ,epoch,Train loss:, 0.128484, acc:, 0.975, Test loss:, 0.613671, acc:, 0.762,---, 0.0386, seconds ---
347 ,/, 3000 ,epoch,Train loss:, 0.183455, acc:, 0.900, Test loss:, 0.707230, acc:, 0.786,---, 0.0385, seconds ---
348 ,/, 3000 ,epoch,Train loss:, 0.329487, acc:, 0.850, Test loss:, 0.678816, acc:, 0.786,---, 0.0385, seconds ---
349 ,/, 3000 ,epoch,Train loss:, 0.229485, acc:, 0.900, Test loss:, 0.657559, acc:, 0.762,---, 0.0385, seconds ---
350 ,/, 3000 ,epoch,Train loss:, 0.197169, acc:, 0.875, Test loss:, 0.639479, acc:, 0.762,---, 0.0385, seconds ---
351 ,/, 3000 ,epoch,Train loss:, 0.186223, acc:, 0.975, Test loss:, 0.567900, acc:, 0.738,---, 0.0385, seconds ---
352 ,/, 3000 ,epoch,Train loss:, 0.196311, acc:, 0.950, Test loss:, 0.536679, acc:, 0.786,---, 0.0387, seconds ---
353 ,/, 3000 ,epoch,Train loss:, 0.213760, acc:, 0.900, Test loss:, 0.518190, acc:, 0.810,---, 0.0386, seconds ---
354 ,/, 3000 ,epoch,Train loss:, 0.276303, acc:, 0.925, Test loss:, 0.498513, acc:, 0.810,---, 0.0386, seconds ---
355 ,/, 3000 ,epoch,Train loss:, 0.292521, acc:, 0.875, Test loss:, 0.502016, acc:, 0.810,---, 0.0387, seconds ---
356 ,/, 3000 ,epoch,Train loss:, 0.170418, acc:, 0.925, Test loss:, 0.571417, acc:, 0.786,---, 0.0388, seconds ---
357 ,/, 3000 ,epoch,Train loss:, 0.229226, acc:, 0.925, Test loss:, 0.584957, acc:, 0.810,---, 0.0391, seconds ---
358 ,/, 3000 ,epoch,Train loss:, 0.147533, acc:, 0.975, Test loss:, 0.602163, acc:, 0.786,---, 0.0386, seconds ---
359 ,/, 3000 ,epoch,Train loss:, 0.209831, acc:, 0.900, Test loss:, 0.520676, acc:, 0.833,---, 0.0384, seconds ---
360 ,/, 3000 ,epoch,Train loss:, 0.201899, acc:, 0.925, Test loss:, 0.459712, acc:, 0.857,---, 0.0386, seconds ---
361 ,/, 3000 ,epoch,Train loss:, 0.324274, acc:, 0.850, Test loss:, 0.446820, acc:, 0.857,---, 0.0385, seconds ---
362 ,/, 3000 ,epoch,Train loss:, 0.275737, acc:, 0.900, Test loss:, 0.444941, acc:, 0.833,---, 0.0386, seconds ---
363 ,/, 3000 ,epoch,Train loss:, 0.278133, acc:, 0.875, Test loss:, 0.444387, acc:, 0.857,---, 0.0386, seconds ---
364 ,/, 3000 ,epoch,Train loss:, 0.216704, acc:, 0.900, Test loss:, 0.506912, acc:, 0.810,---, 0.0384, seconds ---
365 ,/, 3000 ,epoch,Train loss:, 0.190637, acc:, 0.925, Test loss:, 0.622950, acc:, 0.738,---, 0.0387, seconds ---
366 ,/, 3000 ,epoch,Train loss:, 0.283101, acc:, 0.925, Test loss:, 0.677231, acc:, 0.714,---, 0.0386, seconds ---
367 ,/, 3000 ,epoch,Train loss:, 0.344659, acc:, 0.900, Test loss:, 0.585843, acc:, 0.762,---, 0.0384, seconds ---
368 ,/, 3000 ,epoch,Train loss:, 0.165195, acc:, 0.950, Test loss:, 0.567853, acc:, 0.786,---, 0.0390, seconds ---
369 ,/, 3000 ,epoch,Train loss:, 0.185261, acc:, 0.950, Test loss:, 0.568963, acc:, 0.786,---, 0.0384, seconds ---
370 ,/, 3000 ,epoch,Train loss:, 0.238857, acc:, 0.975, Test loss:, 0.568178, acc:, 0.762,---, 0.0385, seconds ---
371 ,/, 3000 ,epoch,Train loss:, 0.284937, acc:, 0.925, Test loss:, 0.515901, acc:, 0.762,---, 0.0387, seconds ---
372 ,/, 3000 ,epoch,Train loss:, 0.169796, acc:, 0.975, Test loss:, 0.445209, acc:, 0.810,---, 0.0385, seconds ---
373 ,/, 3000 ,epoch,Train loss:, 0.251531, acc:, 0.900, Test loss:, 0.458017, acc:, 0.810,---, 0.0385, seconds ---
374 ,/, 3000 ,epoch,Train loss:, 0.221970, acc:, 0.875, Test loss:, 0.428764, acc:, 0.833,---, 0.0384, seconds ---
375 ,/, 3000 ,epoch,Train loss:, 0.196181, acc:, 0.950, Test loss:, 0.464545, acc:, 0.833,---, 0.0386, seconds ---
376 ,/, 3000 ,epoch,Train loss:, 0.207979, acc:, 0.925, Test loss:, 0.526311, acc:, 0.738,---, 0.0386, seconds ---
377 ,/, 3000 ,epoch,Train loss:, 0.189861, acc:, 0.950, Test loss:, 0.566728, acc:, 0.738,---, 0.0383, seconds ---
378 ,/, 3000 ,epoch,Train loss:, 0.248621, acc:, 0.900, Test loss:, 0.577497, acc:, 0.714,---, 0.0386, seconds ---
379 ,/, 3000 ,epoch,Train loss:, 0.221875, acc:, 0.900, Test loss:, 0.579252, acc:, 0.762,---, 0.0390, seconds ---
380 ,/, 3000 ,epoch,Train loss:, 0.171608, acc:, 0.975, Test loss:, 0.603052, acc:, 0.786,---, 0.0385, seconds ---
381 ,/, 3000 ,epoch,Train loss:, 0.264170, acc:, 0.900, Test loss:, 0.663490, acc:, 0.762,---, 0.0386, seconds ---
382 ,/, 3000 ,epoch,Train loss:, 0.276277, acc:, 0.850, Test loss:, 0.637540, acc:, 0.810,---, 0.0387, seconds ---
383 ,/, 3000 ,epoch,Train loss:, 0.206530, acc:, 0.950, Test loss:, 0.641979, acc:, 0.810,---, 0.0386, seconds ---
384 ,/, 3000 ,epoch,Train loss:, 0.172233, acc:, 0.925, Test loss:, 0.604337, acc:, 0.833,---, 0.0384, seconds ---
385 ,/, 3000 ,epoch,Train loss:, 0.268753, acc:, 0.900, Test loss:, 0.576184, acc:, 0.857,---, 0.0385, seconds ---
386 ,/, 3000 ,epoch,Train loss:, 0.238622, acc:, 0.875, Test loss:, 0.597121, acc:, 0.857,---, 0.0385, seconds ---
387 ,/, 3000 ,epoch,Train loss:, 0.334176, acc:, 0.875, Test loss:, 0.647608, acc:, 0.810,---, 0.0386, seconds ---
388 ,/, 3000 ,epoch,Train loss:, 0.213722, acc:, 0.925, Test loss:, 0.656953, acc:, 0.810,---, 0.0387, seconds ---
389 ,/, 3000 ,epoch,Train loss:, 0.239383, acc:, 0.925, Test loss:, 0.646612, acc:, 0.810,---, 0.0385, seconds ---
390 ,/, 3000 ,epoch,Train loss:, 0.116391, acc:, 0.975, Test loss:, 0.634196, acc:, 0.786,---, 0.0385, seconds ---
391 ,/, 3000 ,epoch,Train loss:, 0.196667, acc:, 0.950, Test loss:, 0.609797, acc:, 0.810,---, 0.0385, seconds ---
392 ,/, 3000 ,epoch,Train loss:, 0.132771, acc:, 0.975, Test loss:, 0.604280, acc:, 0.810,---, 0.0385, seconds ---
393 ,/, 3000 ,epoch,Train loss:, 0.227785, acc:, 0.875, Test loss:, 0.600394, acc:, 0.762,---, 0.0387, seconds ---
394 ,/, 3000 ,epoch,Train loss:, 0.233434, acc:, 0.850, Test loss:, 0.618012, acc:, 0.762,---, 0.0386, seconds ---
395 ,/, 3000 ,epoch,Train loss:, 0.323381, acc:, 0.850, Test loss:, 0.599492, acc:, 0.762,---, 0.0384, seconds ---
396 ,/, 3000 ,epoch,Train loss:, 0.243820, acc:, 0.900, Test loss:, 0.592699, acc:, 0.738,---, 0.0386, seconds ---
397 ,/, 3000 ,epoch,Train loss:, 0.372496, acc:, 0.875, Test loss:, 0.588605, acc:, 0.786,---, 0.0386, seconds ---
398 ,/, 3000 ,epoch,Train loss:, 0.181199, acc:, 0.950, Test loss:, 0.532751, acc:, 0.833,---, 0.0388, seconds ---
399 ,/, 3000 ,epoch,Train loss:, 0.184449, acc:, 0.950, Test loss:, 0.529638, acc:, 0.833,---, 0.0388, seconds ---
400 ,/, 3000 ,epoch,Train loss:, 0.284355, acc:, 0.875, Test loss:, 0.552451, acc:, 0.833,---, 0.0385, seconds ---
401 ,/, 3000 ,epoch,Train loss:, 0.326892, acc:, 0.850, Test loss:, 0.584141, acc:, 0.833,---, 0.0385, seconds ---
402 ,/, 3000 ,epoch,Train loss:, 0.185346, acc:, 0.900, Test loss:, 0.654158, acc:, 0.786,---, 0.0385, seconds ---
403 ,/, 3000 ,epoch,Train loss:, 0.252515, acc:, 0.900, Test loss:, 0.695239, acc:, 0.786,---, 0.0385, seconds ---
404 ,/, 3000 ,epoch,Train loss:, 0.193973, acc:, 0.925, Test loss:, 0.720217, acc:, 0.762,---, 0.0385, seconds ---
405 ,/, 3000 ,epoch,Train loss:, 0.214790, acc:, 0.925, Test loss:, 0.793778, acc:, 0.810,---, 0.0385, seconds ---
406 ,/, 3000 ,epoch,Train loss:, 0.234865, acc:, 0.875, Test loss:, 0.780674, acc:, 0.786,---, 0.0384, seconds ---
407 ,/, 3000 ,epoch,Train loss:, 0.263198, acc:, 0.900, Test loss:, 0.676087, acc:, 0.810,---, 0.0386, seconds ---
408 ,/, 3000 ,epoch,Train loss:, 0.191982, acc:, 0.900, Test loss:, 0.622046, acc:, 0.810,---, 0.0385, seconds ---
409 ,/, 3000 ,epoch,Train loss:, 0.222398, acc:, 0.875, Test loss:, 0.649662, acc:, 0.810,---, 0.0385, seconds ---
410 ,/, 3000 ,epoch,Train loss:, 0.143803, acc:, 1.000, Test loss:, 0.638116, acc:, 0.833,---, 0.0385, seconds ---
411 ,/, 3000 ,epoch,Train loss:, 0.173200, acc:, 0.925, Test loss:, 0.641966, acc:, 0.810,---, 0.0385, seconds ---
412 ,/, 3000 ,epoch,Train loss:, 0.206972, acc:, 0.875, Test loss:, 0.651785, acc:, 0.786,---, 0.0387, seconds ---
413 ,/, 3000 ,epoch,Train loss:, 0.216391, acc:, 0.875, Test loss:, 0.625628, acc:, 0.810,---, 0.0386, seconds ---
414 ,/, 3000 ,epoch,Train loss:, 0.156456, acc:, 0.900, Test loss:, 0.569275, acc:, 0.810,---, 0.0388, seconds ---
415 ,/, 3000 ,epoch,Train loss:, 0.315206, acc:, 0.850, Test loss:, 0.518291, acc:, 0.786,---, 0.0386, seconds ---
416 ,/, 3000 ,epoch,Train loss:, 0.197531, acc:, 0.925, Test loss:, 0.486954, acc:, 0.810,---, 0.0384, seconds ---
417 ,/, 3000 ,epoch,Train loss:, 0.269862, acc:, 0.900, Test loss:, 0.470744, acc:, 0.810,---, 0.0385, seconds ---
418 ,/, 3000 ,epoch,Train loss:, 0.191325, acc:, 0.925, Test loss:, 0.501273, acc:, 0.810,---, 0.0386, seconds ---
419 ,/, 3000 ,epoch,Train loss:, 0.161508, acc:, 0.950, Test loss:, 0.496018, acc:, 0.810,---, 0.0384, seconds ---
420 ,/, 3000 ,epoch,Train loss:, 0.315658, acc:, 0.825, Test loss:, 0.544061, acc:, 0.786,---, 0.0386, seconds ---
421 ,/, 3000 ,epoch,Train loss:, 0.105310, acc:, 0.975, Test loss:, 0.633200, acc:, 0.762,---, 0.0384, seconds ---
422 ,/, 3000 ,epoch,Train loss:, 0.178907, acc:, 0.925, Test loss:, 0.636615, acc:, 0.762,---, 0.0384, seconds ---
423 ,/, 3000 ,epoch,Train loss:, 0.287580, acc:, 0.875, Test loss:, 0.653063, acc:, 0.762,---, 0.0385, seconds ---
424 ,/, 3000 ,epoch,Train loss:, 0.184687, acc:, 0.875, Test loss:, 0.655231, acc:, 0.738,---, 0.0386, seconds ---
425 ,/, 3000 ,epoch,Train loss:, 0.130134, acc:, 0.975, Test loss:, 0.675362, acc:, 0.738,---, 0.0386, seconds ---
426 ,/, 3000 ,epoch,Train loss:, 0.136845, acc:, 0.925, Test loss:, 0.707272, acc:, 0.714,---, 0.0385, seconds ---
427 ,/, 3000 ,epoch,Train loss:, 0.199138, acc:, 0.950, Test loss:, 0.707760, acc:, 0.690,---, 0.0386, seconds ---
428 ,/, 3000 ,epoch,Train loss:, 0.200801, acc:, 0.875, Test loss:, 0.732225, acc:, 0.690,---, 0.0386, seconds ---
429 ,/, 3000 ,epoch,Train loss:, 0.112196, acc:, 0.975, Test loss:, 0.721202, acc:, 0.762,---, 0.0387, seconds ---
430 ,/, 3000 ,epoch,Train loss:, 0.214393, acc:, 0.900, Test loss:, 0.682764, acc:, 0.810,---, 0.0386, seconds ---
431 ,/, 3000 ,epoch,Train loss:, 0.182271, acc:, 0.925, Test loss:, 0.696974, acc:, 0.810,---, 0.0385, seconds ---
432 ,/, 3000 ,epoch,Train loss:, 0.114511, acc:, 0.950, Test loss:, 0.686610, acc:, 0.833,---, 0.0385, seconds ---
433 ,/, 3000 ,epoch,Train loss:, 0.152777, acc:, 0.950, Test loss:, 0.675431, acc:, 0.810,---, 0.0386, seconds ---
434 ,/, 3000 ,epoch,Train loss:, 0.158887, acc:, 0.950, Test loss:, 0.727290, acc:, 0.762,---, 0.0385, seconds ---
435 ,/, 3000 ,epoch,Train loss:, 0.218451, acc:, 0.925, Test loss:, 0.691868, acc:, 0.786,---, 0.0386, seconds ---
436 ,/, 3000 ,epoch,Train loss:, 0.203852, acc:, 0.900, Test loss:, 0.682423, acc:, 0.810,---, 0.0385, seconds ---
437 ,/, 3000 ,epoch,Train loss:, 0.142092, acc:, 0.950, Test loss:, 0.667114, acc:, 0.810,---, 0.0385, seconds ---
438 ,/, 3000 ,epoch,Train loss:, 0.326889, acc:, 0.850, Test loss:, 0.624750, acc:, 0.810,---, 0.0386, seconds ---
439 ,/, 3000 ,epoch,Train loss:, 0.175917, acc:, 0.925, Test loss:, 0.586240, acc:, 0.810,---, 0.0384, seconds ---
440 ,/, 3000 ,epoch,Train loss:, 0.194646, acc:, 0.925, Test loss:, 0.599961, acc:, 0.762,---, 0.0387, seconds ---
441 ,/, 3000 ,epoch,Train loss:, 0.242711, acc:, 0.925, Test loss:, 0.737143, acc:, 0.738,---, 0.0385, seconds ---
442 ,/, 3000 ,epoch,Train loss:, 0.161852, acc:, 0.975, Test loss:, 0.925297, acc:, 0.690,---, 0.0384, seconds ---
443 ,/, 3000 ,epoch,Train loss:, 0.245196, acc:, 0.900, Test loss:, 0.952833, acc:, 0.714,---, 0.0386, seconds ---
444 ,/, 3000 ,epoch,Train loss:, 0.290228, acc:, 0.850, Test loss:, 0.707123, acc:, 0.714,---, 0.0386, seconds ---
445 ,/, 3000 ,epoch,Train loss:, 0.304528, acc:, 0.875, Test loss:, 0.600072, acc:, 0.762,---, 0.0386, seconds ---
446 ,/, 3000 ,epoch,Train loss:, 0.242887, acc:, 0.900, Test loss:, 0.668678, acc:, 0.786,---, 0.0388, seconds ---
447 ,/, 3000 ,epoch,Train loss:, 0.191540, acc:, 0.900, Test loss:, 0.684395, acc:, 0.738,---, 0.0385, seconds ---
448 ,/, 3000 ,epoch,Train loss:, 0.286484, acc:, 0.950, Test loss:, 0.699197, acc:, 0.714,---, 0.0384, seconds ---
449 ,/, 3000 ,epoch,Train loss:, 0.242900, acc:, 0.925, Test loss:, 0.689554, acc:, 0.714,---, 0.0387, seconds ---
450 ,/, 3000 ,epoch,Train loss:, 0.224702, acc:, 0.900, Test loss:, 0.736047, acc:, 0.714,---, 0.0386, seconds ---
451 ,/, 3000 ,epoch,Train loss:, 0.227305, acc:, 0.925, Test loss:, 0.866182, acc:, 0.643,---, 0.0386, seconds ---
452 ,/, 3000 ,epoch,Train loss:, 0.143436, acc:, 0.925, Test loss:, 0.899347, acc:, 0.643,---, 0.0385, seconds ---
453 ,/, 3000 ,epoch,Train loss:, 0.382176, acc:, 0.825, Test loss:, 0.739493, acc:, 0.714,---, 0.0386, seconds ---
454 ,/, 3000 ,epoch,Train loss:, 0.210098, acc:, 0.900, Test loss:, 0.624821, acc:, 0.786,---, 0.0391, seconds ---
455 ,/, 3000 ,epoch,Train loss:, 0.241839, acc:, 0.900, Test loss:, 0.573693, acc:, 0.786,---, 0.0385, seconds ---
456 ,/, 3000 ,epoch,Train loss:, 0.233174, acc:, 0.900, Test loss:, 0.522400, acc:, 0.810,---, 0.0386, seconds ---
457 ,/, 3000 ,epoch,Train loss:, 0.121193, acc:, 0.925, Test loss:, 0.558168, acc:, 0.810,---, 0.0385, seconds ---
458 ,/, 3000 ,epoch,Train loss:, 0.212396, acc:, 0.950, Test loss:, 0.575790, acc:, 0.810,---, 0.0387, seconds ---
459 ,/, 3000 ,epoch,Train loss:, 0.328343, acc:, 0.875, Test loss:, 0.562615, acc:, 0.810,---, 0.0384, seconds ---
460 ,/, 3000 ,epoch,Train loss:, 0.228026, acc:, 0.900, Test loss:, 0.554667, acc:, 0.810,---, 0.0385, seconds ---
461 ,/, 3000 ,epoch,Train loss:, 0.148952, acc:, 0.950, Test loss:, 0.571830, acc:, 0.810,---, 0.0386, seconds ---
462 ,/, 3000 ,epoch,Train loss:, 0.271518, acc:, 0.875, Test loss:, 0.564237, acc:, 0.810,---, 0.0385, seconds ---
463 ,/, 3000 ,epoch,Train loss:, 0.241675, acc:, 0.925, Test loss:, 0.542736, acc:, 0.810,---, 0.0384, seconds ---
464 ,/, 3000 ,epoch,Train loss:, 0.266523, acc:, 0.900, Test loss:, 0.511605, acc:, 0.810,---, 0.0386, seconds ---
465 ,/, 3000 ,epoch,Train loss:, 0.177356, acc:, 0.925, Test loss:, 0.487006, acc:, 0.833,---, 0.0387, seconds ---
466 ,/, 3000 ,epoch,Train loss:, 0.129134, acc:, 0.950, Test loss:, 0.474985, acc:, 0.833,---, 0.0390, seconds ---
467 ,/, 3000 ,epoch,Train loss:, 0.236583, acc:, 0.900, Test loss:, 0.439430, acc:, 0.857,---, 0.0385, seconds ---
468 ,/, 3000 ,epoch,Train loss:, 0.282690, acc:, 0.925, Test loss:, 0.442266, acc:, 0.857,---, 0.0385, seconds ---
469 ,/, 3000 ,epoch,Train loss:, 0.231268, acc:, 0.900, Test loss:, 0.452542, acc:, 0.857,---, 0.0385, seconds ---
470 ,/, 3000 ,epoch,Train loss:, 0.146233, acc:, 0.950, Test loss:, 0.480544, acc:, 0.833,---, 0.0385, seconds ---
471 ,/, 3000 ,epoch,Train loss:, 0.286720, acc:, 0.900, Test loss:, 0.509815, acc:, 0.810,---, 0.0385, seconds ---
472 ,/, 3000 ,epoch,Train loss:, 0.130919, acc:, 0.950, Test loss:, 0.582422, acc:, 0.762,---, 0.0386, seconds ---
473 ,/, 3000 ,epoch,Train loss:, 0.339215, acc:, 0.900, Test loss:, 0.628995, acc:, 0.738,---, 0.0385, seconds ---
474 ,/, 3000 ,epoch,Train loss:, 0.211962, acc:, 0.900, Test loss:, 0.619676, acc:, 0.762,---, 0.0385, seconds ---
475 ,/, 3000 ,epoch,Train loss:, 0.154142, acc:, 0.925, Test loss:, 0.630927, acc:, 0.762,---, 0.0386, seconds ---
476 ,/, 3000 ,epoch,Train loss:, 0.154644, acc:, 0.950, Test loss:, 0.525711, acc:, 0.833,---, 0.0386, seconds ---
477 ,/, 3000 ,epoch,Train loss:, 0.185041, acc:, 0.975, Test loss:, 0.451939, acc:, 0.881,---, 0.0385, seconds ---
478 ,/, 3000 ,epoch,Train loss:, 0.172148, acc:, 0.975, Test loss:, 0.459965, acc:, 0.810,---, 0.0385, seconds ---
479 ,/, 3000 ,epoch,Train loss:, 0.394579, acc:, 0.875, Test loss:, 0.491424, acc:, 0.810,---, 0.0385, seconds ---
480 ,/, 3000 ,epoch,Train loss:, 0.284869, acc:, 0.900, Test loss:, 0.510651, acc:, 0.833,---, 0.0385, seconds ---
481 ,/, 3000 ,epoch,Train loss:, 0.174051, acc:, 0.900, Test loss:, 0.661035, acc:, 0.762,---, 0.0385, seconds ---
482 ,/, 3000 ,epoch,Train loss:, 0.221626, acc:, 0.900, Test loss:, 0.901755, acc:, 0.667,---, 0.0386, seconds ---
483 ,/, 3000 ,epoch,Train loss:, 0.186731, acc:, 0.950, Test loss:, 1.057593, acc:, 0.667,---, 0.0386, seconds ---
484 ,/, 3000 ,epoch,Train loss:, 0.245741, acc:, 0.875, Test loss:, 0.999082, acc:, 0.667,---, 0.0385, seconds ---
485 ,/, 3000 ,epoch,Train loss:, 0.238682, acc:, 0.925, Test loss:, 0.851648, acc:, 0.690,---, 0.0386, seconds ---
486 ,/, 3000 ,epoch,Train loss:, 0.155409, acc:, 0.925, Test loss:, 0.760767, acc:, 0.738,---, 0.0386, seconds ---
487 ,/, 3000 ,epoch,Train loss:, 0.181255, acc:, 0.925, Test loss:, 0.675483, acc:, 0.762,---, 0.0385, seconds ---
488 ,/, 3000 ,epoch,Train loss:, 0.162296, acc:, 0.950, Test loss:, 0.636397, acc:, 0.762,---, 0.0384, seconds ---
489 ,/, 3000 ,epoch,Train loss:, 0.272441, acc:, 0.900, Test loss:, 0.664660, acc:, 0.738,---, 0.0384, seconds ---
490 ,/, 3000 ,epoch,Train loss:, 0.273746, acc:, 0.875, Test loss:, 0.675344, acc:, 0.714,---, 0.0387, seconds ---
491 ,/, 3000 ,epoch,Train loss:, 0.214334, acc:, 0.950, Test loss:, 0.706192, acc:, 0.714,---, 0.0387, seconds ---
492 ,/, 3000 ,epoch,Train loss:, 0.144682, acc:, 0.975, Test loss:, 0.792996, acc:, 0.667,---, 0.0386, seconds ---
493 ,/, 3000 ,epoch,Train loss:, 0.254702, acc:, 0.925, Test loss:, 0.904776, acc:, 0.643,---, 0.0386, seconds ---
494 ,/, 3000 ,epoch,Train loss:, 0.191456, acc:, 0.925, Test loss:, 0.963378, acc:, 0.667,---, 0.0384, seconds ---
495 ,/, 3000 ,epoch,Train loss:, 0.364537, acc:, 0.875, Test loss:, 1.017144, acc:, 0.667,---, 0.0384, seconds ---
496 ,/, 3000 ,epoch,Train loss:, 0.294066, acc:, 0.850, Test loss:, 1.034363, acc:, 0.667,---, 0.0386, seconds ---
497 ,/, 3000 ,epoch,Train loss:, 0.191695, acc:, 0.925, Test loss:, 1.000118, acc:, 0.667,---, 0.0385, seconds ---
498 ,/, 3000 ,epoch,Train loss:, 0.222594, acc:, 0.900, Test loss:, 0.903078, acc:, 0.643,---, 0.0386, seconds ---
499 ,/, 3000 ,epoch,Train loss:, 0.259176, acc:, 0.925, Test loss:, 0.823682, acc:, 0.667,---, 0.0383, seconds ---
500 ,/, 3000 ,epoch,Train loss:, 0.177587, acc:, 0.925, Test loss:, 0.662850, acc:, 0.738,---, 0.0385, seconds ---
501 ,/, 3000 ,epoch,Train loss:, 0.316777, acc:, 0.900, Test loss:, 0.563247, acc:, 0.786,---, 0.0387, seconds ---
502 ,/, 3000 ,epoch,Train loss:, 0.145612, acc:, 0.950, Test loss:, 0.524875, acc:, 0.810,---, 0.0384, seconds ---
503 ,/, 3000 ,epoch,Train loss:, 0.372590, acc:, 0.825, Test loss:, 0.557298, acc:, 0.833,---, 0.0386, seconds ---
504 ,/, 3000 ,epoch,Train loss:, 0.245255, acc:, 0.875, Test loss:, 0.583814, acc:, 0.810,---, 0.0386, seconds ---
505 ,/, 3000 ,epoch,Train loss:, 0.115120, acc:, 0.975, Test loss:, 0.631623, acc:, 0.786,---, 0.0386, seconds ---
506 ,/, 3000 ,epoch,Train loss:, 0.309823, acc:, 0.875, Test loss:, 0.713888, acc:, 0.738,---, 0.0386, seconds ---
507 ,/, 3000 ,epoch,Train loss:, 0.235841, acc:, 0.875, Test loss:, 0.744275, acc:, 0.714,---, 0.0387, seconds ---
508 ,/, 3000 ,epoch,Train loss:, 0.306882, acc:, 0.900, Test loss:, 0.723816, acc:, 0.714,---, 0.0386, seconds ---
509 ,/, 3000 ,epoch,Train loss:, 0.230999, acc:, 0.950, Test loss:, 0.705754, acc:, 0.762,---, 0.0384, seconds ---
510 ,/, 3000 ,epoch,Train loss:, 0.139895, acc:, 0.975, Test loss:, 0.697964, acc:, 0.762,---, 0.0387, seconds ---
511 ,/, 3000 ,epoch,Train loss:, 0.325014, acc:, 0.875, Test loss:, 0.592647, acc:, 0.786,---, 0.0385, seconds ---
512 ,/, 3000 ,epoch,Train loss:, 0.226413, acc:, 0.925, Test loss:, 0.525327, acc:, 0.833,---, 0.0386, seconds ---
513 ,/, 3000 ,epoch,Train loss:, 0.269968, acc:, 0.925, Test loss:, 0.443858, acc:, 0.857,---, 0.0385, seconds ---
514 ,/, 3000 ,epoch,Train loss:, 0.281601, acc:, 0.825, Test loss:, 0.479725, acc:, 0.810,---, 0.0385, seconds ---
515 ,/, 3000 ,epoch,Train loss:, 0.180471, acc:, 0.925, Test loss:, 0.583698, acc:, 0.786,---, 0.0385, seconds ---
516 ,/, 3000 ,epoch,Train loss:, 0.244566, acc:, 0.900, Test loss:, 0.606054, acc:, 0.786,---, 0.0385, seconds ---
517 ,/, 3000 ,epoch,Train loss:, 0.246393, acc:, 0.875, Test loss:, 0.604378, acc:, 0.738,---, 0.0385, seconds ---
518 ,/, 3000 ,epoch,Train loss:, 0.148214, acc:, 0.975, Test loss:, 0.574974, acc:, 0.714,---, 0.0387, seconds ---
519 ,/, 3000 ,epoch,Train loss:, 0.145231, acc:, 0.950, Test loss:, 0.540371, acc:, 0.714,---, 0.0385, seconds ---
520 ,/, 3000 ,epoch,Train loss:, 0.142286, acc:, 0.925, Test loss:, 0.520925, acc:, 0.714,---, 0.0384, seconds ---
521 ,/, 3000 ,epoch,Train loss:, 0.163530, acc:, 0.950, Test loss:, 0.505922, acc:, 0.762,---, 0.0385, seconds ---
522 ,/, 3000 ,epoch,Train loss:, 0.167510, acc:, 0.900, Test loss:, 0.514831, acc:, 0.762,---, 0.0385, seconds ---
523 ,/, 3000 ,epoch,Train loss:, 0.184075, acc:, 0.925, Test loss:, 0.501222, acc:, 0.810,---, 0.0385, seconds ---
524 ,/, 3000 ,epoch,Train loss:, 0.120731, acc:, 0.975, Test loss:, 0.501749, acc:, 0.833,---, 0.0386, seconds ---
525 ,/, 3000 ,epoch,Train loss:, 0.207555, acc:, 0.925, Test loss:, 0.521995, acc:, 0.786,---, 0.0385, seconds ---
526 ,/, 3000 ,epoch,Train loss:, 0.194675, acc:, 0.900, Test loss:, 0.532595, acc:, 0.786,---, 0.0386, seconds ---
527 ,/, 3000 ,epoch,Train loss:, 0.201516, acc:, 0.925, Test loss:, 0.525294, acc:, 0.786,---, 0.0385, seconds ---
528 ,/, 3000 ,epoch,Train loss:, 0.134650, acc:, 0.975, Test loss:, 0.555952, acc:, 0.786,---, 0.0385, seconds ---
529 ,/, 3000 ,epoch,Train loss:, 0.185667, acc:, 0.925, Test loss:, 0.569790, acc:, 0.786,---, 0.0386, seconds ---
530 ,/, 3000 ,epoch,Train loss:, 0.214692, acc:, 0.925, Test loss:, 0.515306, acc:, 0.833,---, 0.0385, seconds ---
531 ,/, 3000 ,epoch,Train loss:, 0.131969, acc:, 0.950, Test loss:, 0.489503, acc:, 0.857,---, 0.0384, seconds ---
532 ,/, 3000 ,epoch,Train loss:, 0.272572, acc:, 0.850, Test loss:, 0.465281, acc:, 0.833,---, 0.0387, seconds ---
533 ,/, 3000 ,epoch,Train loss:, 0.149221, acc:, 0.925, Test loss:, 0.470474, acc:, 0.857,---, 0.0385, seconds ---
534 ,/, 3000 ,epoch,Train loss:, 0.261845, acc:, 0.900, Test loss:, 0.490924, acc:, 0.857,---, 0.0384, seconds ---
535 ,/, 3000 ,epoch,Train loss:, 0.222662, acc:, 0.900, Test loss:, 0.513051, acc:, 0.810,---, 0.0386, seconds ---
536 ,/, 3000 ,epoch,Train loss:, 0.246885, acc:, 0.875, Test loss:, 0.543360, acc:, 0.810,---, 0.0385, seconds ---
537 ,/, 3000 ,epoch,Train loss:, 0.111366, acc:, 0.950, Test loss:, 0.658388, acc:, 0.738,---, 0.0386, seconds ---
538 ,/, 3000 ,epoch,Train loss:, 0.219200, acc:, 0.900, Test loss:, 0.515497, acc:, 0.833,---, 0.0386, seconds ---
539 ,/, 3000 ,epoch,Train loss:, 0.127428, acc:, 0.975, Test loss:, 0.454605, acc:, 0.857,---, 0.0383, seconds ---
540 ,/, 3000 ,epoch,Train loss:, 0.279357, acc:, 0.875, Test loss:, 0.459294, acc:, 0.857,---, 0.0386, seconds ---
541 ,/, 3000 ,epoch,Train loss:, 0.154041, acc:, 0.925, Test loss:, 0.439712, acc:, 0.833,---, 0.0384, seconds ---
542 ,/, 3000 ,epoch,Train loss:, 0.195083, acc:, 0.925, Test loss:, 0.440106, acc:, 0.810,---, 0.0385, seconds ---
543 ,/, 3000 ,epoch,Train loss:, 0.090415, acc:, 1.000, Test loss:, 0.526385, acc:, 0.786,---, 0.0386, seconds ---
544 ,/, 3000 ,epoch,Train loss:, 0.202983, acc:, 0.925, Test loss:, 0.616585, acc:, 0.738,---, 0.0387, seconds ---
545 ,/, 3000 ,epoch,Train loss:, 0.178516, acc:, 0.950, Test loss:, 0.692142, acc:, 0.714,---, 0.0386, seconds ---
546 ,/, 3000 ,epoch,Train loss:, 0.413245, acc:, 0.900, Test loss:, 0.732743, acc:, 0.690,---, 0.0385, seconds ---
547 ,/, 3000 ,epoch,Train loss:, 0.200193, acc:, 0.950, Test loss:, 0.743120, acc:, 0.690,---, 0.0385, seconds ---
548 ,/, 3000 ,epoch,Train loss:, 0.123986, acc:, 0.975, Test loss:, 0.724643, acc:, 0.690,---, 0.0385, seconds ---
549 ,/, 3000 ,epoch,Train loss:, 0.120664, acc:, 1.000, Test loss:, 0.672388, acc:, 0.690,---, 0.0385, seconds ---
550 ,/, 3000 ,epoch,Train loss:, 0.162391, acc:, 0.950, Test loss:, 0.671901, acc:, 0.714,---, 0.0385, seconds ---
551 ,/, 3000 ,epoch,Train loss:, 0.210267, acc:, 0.925, Test loss:, 0.650924, acc:, 0.714,---, 0.0385, seconds ---
552 ,/, 3000 ,epoch,Train loss:, 0.194924, acc:, 0.875, Test loss:, 0.611375, acc:, 0.762,---, 0.0386, seconds ---
553 ,/, 3000 ,epoch,Train loss:, 0.239514, acc:, 0.925, Test loss:, 0.577102, acc:, 0.738,---, 0.0385, seconds ---
554 ,/, 3000 ,epoch,Train loss:, 0.211545, acc:, 0.875, Test loss:, 0.554919, acc:, 0.714,---, 0.0386, seconds ---
555 ,/, 3000 ,epoch,Train loss:, 0.200336, acc:, 0.950, Test loss:, 0.550848, acc:, 0.738,---, 0.0385, seconds ---
556 ,/, 3000 ,epoch,Train loss:, 0.274683, acc:, 0.850, Test loss:, 0.534581, acc:, 0.714,---, 0.0385, seconds ---
557 ,/, 3000 ,epoch,Train loss:, 0.245290, acc:, 0.925, Test loss:, 0.630631, acc:, 0.738,---, 0.0387, seconds ---
558 ,/, 3000 ,epoch,Train loss:, 0.242917, acc:, 0.925, Test loss:, 0.718195, acc:, 0.714,---, 0.0387, seconds ---
559 ,/, 3000 ,epoch,Train loss:, 0.185230, acc:, 0.950, Test loss:, 0.804646, acc:, 0.667,---, 0.0385, seconds ---
560 ,/, 3000 ,epoch,Train loss:, 0.087530, acc:, 0.950, Test loss:, 0.938342, acc:, 0.619,---, 0.0385, seconds ---
561 ,/, 3000 ,epoch,Train loss:, 0.121648, acc:, 0.950, Test loss:, 0.893583, acc:, 0.643,---, 0.0385, seconds ---
562 ,/, 3000 ,epoch,Train loss:, 0.438406, acc:, 0.825, Test loss:, 0.845535, acc:, 0.643,---, 0.0386, seconds ---
563 ,/, 3000 ,epoch,Train loss:, 0.149669, acc:, 0.900, Test loss:, 0.774987, acc:, 0.690,---, 0.0385, seconds ---
564 ,/, 3000 ,epoch,Train loss:, 0.118354, acc:, 0.975, Test loss:, 0.775562, acc:, 0.667,---, 0.0386, seconds ---
565 ,/, 3000 ,epoch,Train loss:, 0.248235, acc:, 0.900, Test loss:, 0.810516, acc:, 0.690,---, 0.0385, seconds ---
566 ,/, 3000 ,epoch,Train loss:, 0.178596, acc:, 0.950, Test loss:, 0.808556, acc:, 0.714,---, 0.0385, seconds ---
567 ,/, 3000 ,epoch,Train loss:, 0.181236, acc:, 0.925, Test loss:, 0.866170, acc:, 0.738,---, 0.0384, seconds ---
568 ,/, 3000 ,epoch,Train loss:, 0.197934, acc:, 0.925, Test loss:, 0.911134, acc:, 0.714,---, 0.0385, seconds ---
569 ,/, 3000 ,epoch,Train loss:, 0.104588, acc:, 0.950, Test loss:, 0.897800, acc:, 0.714,---, 0.0384, seconds ---
570 ,/, 3000 ,epoch,Train loss:, 0.153312, acc:, 0.950, Test loss:, 0.904221, acc:, 0.714,---, 0.0385, seconds ---
571 ,/, 3000 ,epoch,Train loss:, 0.263160, acc:, 0.900, Test loss:, 0.907855, acc:, 0.690,---, 0.0386, seconds ---
572 ,/, 3000 ,epoch,Train loss:, 0.238866, acc:, 0.900, Test loss:, 0.922744, acc:, 0.714,---, 0.0384, seconds ---
573 ,/, 3000 ,epoch,Train loss:, 0.177649, acc:, 0.925, Test loss:, 0.868725, acc:, 0.738,---, 0.0385, seconds ---
574 ,/, 3000 ,epoch,Train loss:, 0.185264, acc:, 0.900, Test loss:, 0.770674, acc:, 0.762,---, 0.0386, seconds ---
575 ,/, 3000 ,epoch,Train loss:, 0.353525, acc:, 0.850, Test loss:, 0.650813, acc:, 0.810,---, 0.0384, seconds ---
576 ,/, 3000 ,epoch,Train loss:, 0.158057, acc:, 0.900, Test loss:, 0.621076, acc:, 0.810,---, 0.0387, seconds ---
577 ,/, 3000 ,epoch,Train loss:, 0.152546, acc:, 0.925, Test loss:, 0.620539, acc:, 0.810,---, 0.0383, seconds ---
578 ,/, 3000 ,epoch,Train loss:, 0.193389, acc:, 0.900, Test loss:, 0.587575, acc:, 0.810,---, 0.0384, seconds ---
579 ,/, 3000 ,epoch,Train loss:, 0.316843, acc:, 0.900, Test loss:, 0.580058, acc:, 0.810,---, 0.0387, seconds ---
580 ,/, 3000 ,epoch,Train loss:, 0.326886, acc:, 0.875, Test loss:, 0.557492, acc:, 0.810,---, 0.0386, seconds ---
581 ,/, 3000 ,epoch,Train loss:, 0.103292, acc:, 1.000, Test loss:, 0.578866, acc:, 0.786,---, 0.0386, seconds ---
582 ,/, 3000 ,epoch,Train loss:, 0.089321, acc:, 0.975, Test loss:, 0.563415, acc:, 0.762,---, 0.0384, seconds ---
583 ,/, 3000 ,epoch,Train loss:, 0.286701, acc:, 0.925, Test loss:, 0.544060, acc:, 0.786,---, 0.0385, seconds ---
584 ,/, 3000 ,epoch,Train loss:, 0.188869, acc:, 0.925, Test loss:, 0.540763, acc:, 0.786,---, 0.0387, seconds ---
585 ,/, 3000 ,epoch,Train loss:, 0.236712, acc:, 0.875, Test loss:, 0.538761, acc:, 0.786,---, 0.0386, seconds ---
586 ,/, 3000 ,epoch,Train loss:, 0.184083, acc:, 0.900, Test loss:, 0.552454, acc:, 0.762,---, 0.0385, seconds ---
587 ,/, 3000 ,epoch,Train loss:, 0.081263, acc:, 1.000, Test loss:, 0.557201, acc:, 0.762,---, 0.0386, seconds ---
588 ,/, 3000 ,epoch,Train loss:, 0.172696, acc:, 0.925, Test loss:, 0.571265, acc:, 0.762,---, 0.0386, seconds ---
589 ,/, 3000 ,epoch,Train loss:, 0.142690, acc:, 0.950, Test loss:, 0.579107, acc:, 0.738,---, 0.0385, seconds ---
590 ,/, 3000 ,epoch,Train loss:, 0.197955, acc:, 0.950, Test loss:, 0.596895, acc:, 0.762,---, 0.0386, seconds ---
591 ,/, 3000 ,epoch,Train loss:, 0.154617, acc:, 0.950, Test loss:, 0.646843, acc:, 0.738,---, 0.0385, seconds ---
592 ,/, 3000 ,epoch,Train loss:, 0.109386, acc:, 1.000, Test loss:, 0.666323, acc:, 0.738,---, 0.0387, seconds ---
593 ,/, 3000 ,epoch,Train loss:, 0.165375, acc:, 0.950, Test loss:, 0.671290, acc:, 0.762,---, 0.0384, seconds ---
594 ,/, 3000 ,epoch,Train loss:, 0.101738, acc:, 0.975, Test loss:, 0.694261, acc:, 0.762,---, 0.0388, seconds ---
595 ,/, 3000 ,epoch,Train loss:, 0.214014, acc:, 0.875, Test loss:, 0.667451, acc:, 0.762,---, 0.0387, seconds ---
596 ,/, 3000 ,epoch,Train loss:, 0.232870, acc:, 0.875, Test loss:, 0.670367, acc:, 0.762,---, 0.0387, seconds ---
597 ,/, 3000 ,epoch,Train loss:, 0.206206, acc:, 0.925, Test loss:, 0.655865, acc:, 0.762,---, 0.0386, seconds ---
598 ,/, 3000 ,epoch,Train loss:, 0.161771, acc:, 0.900, Test loss:, 0.668869, acc:, 0.786,---, 0.0385, seconds ---
599 ,/, 3000 ,epoch,Train loss:, 0.098459, acc:, 0.975, Test loss:, 0.655049, acc:, 0.786,---, 0.0386, seconds ---
600 ,/, 3000 ,epoch,Train loss:, 0.212644, acc:, 0.900, Test loss:, 0.666040, acc:, 0.762,---, 0.0385, seconds ---
601 ,/, 3000 ,epoch,Train loss:, 0.174333, acc:, 0.950, Test loss:, 0.693298, acc:, 0.786,---, 0.0387, seconds ---
602 ,/, 3000 ,epoch,Train loss:, 0.165385, acc:, 0.950, Test loss:, 0.703718, acc:, 0.738,---, 0.0385, seconds ---
603 ,/, 3000 ,epoch,Train loss:, 0.197597, acc:, 0.875, Test loss:, 0.800805, acc:, 0.714,---, 0.0385, seconds ---
604 ,/, 3000 ,epoch,Train loss:, 0.156562, acc:, 0.925, Test loss:, 0.862400, acc:, 0.738,---, 0.0385, seconds ---
605 ,/, 3000 ,epoch,Train loss:, 0.245232, acc:, 0.925, Test loss:, 0.818581, acc:, 0.738,---, 0.0385, seconds ---
606 ,/, 3000 ,epoch,Train loss:, 0.165859, acc:, 0.900, Test loss:, 0.758932, acc:, 0.762,---, 0.0385, seconds ---
607 ,/, 3000 ,epoch,Train loss:, 0.221434, acc:, 0.900, Test loss:, 0.700787, acc:, 0.762,---, 0.0385, seconds ---
608 ,/, 3000 ,epoch,Train loss:, 0.111724, acc:, 0.975, Test loss:, 0.631033, acc:, 0.810,---, 0.0390, seconds ---
609 ,/, 3000 ,epoch,Train loss:, 0.244068, acc:, 0.850, Test loss:, 0.578240, acc:, 0.810,---, 0.0395, seconds ---
610 ,/, 3000 ,epoch,Train loss:, 0.257321, acc:, 0.875, Test loss:, 0.595355, acc:, 0.810,---, 0.0388, seconds ---
611 ,/, 3000 ,epoch,Train loss:, 0.192268, acc:, 0.875, Test loss:, 0.620602, acc:, 0.810,---, 0.0386, seconds ---
612 ,/, 3000 ,epoch,Train loss:, 0.135982, acc:, 0.975, Test loss:, 0.678907, acc:, 0.810,---, 0.0385, seconds ---
613 ,/, 3000 ,epoch,Train loss:, 0.133307, acc:, 0.925, Test loss:, 0.771623, acc:, 0.810,---, 0.0387, seconds ---
614 ,/, 3000 ,epoch,Train loss:, 0.175001, acc:, 0.975, Test loss:, 0.804820, acc:, 0.738,---, 0.0384, seconds ---
615 ,/, 3000 ,epoch,Train loss:, 0.139538, acc:, 0.950, Test loss:, 0.852836, acc:, 0.643,---, 0.0386, seconds ---
616 ,/, 3000 ,epoch,Train loss:, 0.089911, acc:, 0.975, Test loss:, 0.886283, acc:, 0.667,---, 0.0385, seconds ---
617 ,/, 3000 ,epoch,Train loss:, 0.206101, acc:, 0.950, Test loss:, 0.896181, acc:, 0.667,---, 0.0386, seconds ---
618 ,/, 3000 ,epoch,Train loss:, 0.271435, acc:, 0.925, Test loss:, 0.848247, acc:, 0.667,---, 0.0386, seconds ---
619 ,/, 3000 ,epoch,Train loss:, 0.186164, acc:, 0.925, Test loss:, 0.833076, acc:, 0.714,---, 0.0384, seconds ---
620 ,/, 3000 ,epoch,Train loss:, 0.318247, acc:, 0.825, Test loss:, 0.754647, acc:, 0.762,---, 0.0384, seconds ---
621 ,/, 3000 ,epoch,Train loss:, 0.236844, acc:, 0.900, Test loss:, 0.715220, acc:, 0.762,---, 0.0386, seconds ---
622 ,/, 3000 ,epoch,Train loss:, 0.160435, acc:, 0.950, Test loss:, 0.646049, acc:, 0.762,---, 0.0387, seconds ---
623 ,/, 3000 ,epoch,Train loss:, 0.177259, acc:, 0.875, Test loss:, 0.625870, acc:, 0.762,---, 0.0385, seconds ---
624 ,/, 3000 ,epoch,Train loss:, 0.209307, acc:, 0.900, Test loss:, 0.609725, acc:, 0.762,---, 0.0384, seconds ---
625 ,/, 3000 ,epoch,Train loss:, 0.145134, acc:, 0.975, Test loss:, 0.586172, acc:, 0.762,---, 0.0386, seconds ---
626 ,/, 3000 ,epoch,Train loss:, 0.201212, acc:, 0.900, Test loss:, 0.542779, acc:, 0.810,---, 0.0386, seconds ---
627 ,/, 3000 ,epoch,Train loss:, 0.291936, acc:, 0.900, Test loss:, 0.576023, acc:, 0.810,---, 0.0385, seconds ---
628 ,/, 3000 ,epoch,Train loss:, 0.170275, acc:, 0.925, Test loss:, 0.629495, acc:, 0.786,---, 0.0386, seconds ---
629 ,/, 3000 ,epoch,Train loss:, 0.123171, acc:, 0.925, Test loss:, 0.786229, acc:, 0.690,---, 0.0385, seconds ---
630 ,/, 3000 ,epoch,Train loss:, 0.149026, acc:, 0.900, Test loss:, 0.869162, acc:, 0.643,---, 0.0387, seconds ---
631 ,/, 3000 ,epoch,Train loss:, 0.093531, acc:, 0.950, Test loss:, 0.874677, acc:, 0.667,---, 0.0384, seconds ---
632 ,/, 3000 ,epoch,Train loss:, 0.163330, acc:, 0.975, Test loss:, 0.821693, acc:, 0.690,---, 0.0386, seconds ---
633 ,/, 3000 ,epoch,Train loss:, 0.232456, acc:, 0.950, Test loss:, 0.766755, acc:, 0.762,---, 0.0387, seconds ---
634 ,/, 3000 ,epoch,Train loss:, 0.173554, acc:, 0.975, Test loss:, 0.721997, acc:, 0.762,---, 0.0386, seconds ---
635 ,/, 3000 ,epoch,Train loss:, 0.092505, acc:, 0.975, Test loss:, 0.688974, acc:, 0.810,---, 0.0385, seconds ---
636 ,/, 3000 ,epoch,Train loss:, 0.263189, acc:, 0.925, Test loss:, 0.640280, acc:, 0.833,---, 0.0385, seconds ---
637 ,/, 3000 ,epoch,Train loss:, 0.174104, acc:, 0.925, Test loss:, 0.621998, acc:, 0.810,---, 0.0386, seconds ---
638 ,/, 3000 ,epoch,Train loss:, 0.118074, acc:, 0.975, Test loss:, 0.596026, acc:, 0.833,---, 0.0385, seconds ---
639 ,/, 3000 ,epoch,Train loss:, 0.157932, acc:, 0.950, Test loss:, 0.607174, acc:, 0.833,---, 0.0385, seconds ---
640 ,/, 3000 ,epoch,Train loss:, 0.213246, acc:, 0.925, Test loss:, 0.691722, acc:, 0.810,---, 0.0394, seconds ---
641 ,/, 3000 ,epoch,Train loss:, 0.144868, acc:, 0.975, Test loss:, 0.780594, acc:, 0.786,---, 0.0385, seconds ---
642 ,/, 3000 ,epoch,Train loss:, 0.123776, acc:, 0.975, Test loss:, 0.831265, acc:, 0.786,---, 0.0384, seconds ---
643 ,/, 3000 ,epoch,Train loss:, 0.127409, acc:, 0.975, Test loss:, 0.889825, acc:, 0.762,---, 0.0386, seconds ---
644 ,/, 3000 ,epoch,Train loss:, 0.132494, acc:, 0.900, Test loss:, 0.912856, acc:, 0.762,---, 0.0385, seconds ---
645 ,/, 3000 ,epoch,Train loss:, 0.171959, acc:, 0.925, Test loss:, 0.910880, acc:, 0.762,---, 0.0384, seconds ---
646 ,/, 3000 ,epoch,Train loss:, 0.133776, acc:, 0.975, Test loss:, 0.873402, acc:, 0.762,---, 0.0386, seconds ---
647 ,/, 3000 ,epoch,Train loss:, 0.168171, acc:, 0.925, Test loss:, 0.823282, acc:, 0.810,---, 0.0388, seconds ---
648 ,/, 3000 ,epoch,Train loss:, 0.189843, acc:, 0.975, Test loss:, 0.769469, acc:, 0.810,---, 0.0388, seconds ---
649 ,/, 3000 ,epoch,Train loss:, 0.213101, acc:, 0.900, Test loss:, 0.725612, acc:, 0.810,---, 0.0385, seconds ---
650 ,/, 3000 ,epoch,Train loss:, 0.322028, acc:, 0.850, Test loss:, 0.664913, acc:, 0.833,---, 0.0387, seconds ---
651 ,/, 3000 ,epoch,Train loss:, 0.194807, acc:, 0.925, Test loss:, 0.687322, acc:, 0.810,---, 0.0387, seconds ---
652 ,/, 3000 ,epoch,Train loss:, 0.142100, acc:, 0.925, Test loss:, 0.745361, acc:, 0.762,---, 0.0386, seconds ---
653 ,/, 3000 ,epoch,Train loss:, 0.066735, acc:, 0.975, Test loss:, 0.846270, acc:, 0.786,---, 0.0385, seconds ---
654 ,/, 3000 ,epoch,Train loss:, 0.371135, acc:, 0.900, Test loss:, 0.913423, acc:, 0.738,---, 0.0386, seconds ---
655 ,/, 3000 ,epoch,Train loss:, 0.136426, acc:, 0.975, Test loss:, 0.912826, acc:, 0.738,---, 0.0383, seconds ---
656 ,/, 3000 ,epoch,Train loss:, 0.309621, acc:, 0.900, Test loss:, 0.791079, acc:, 0.762,---, 0.0384, seconds ---
657 ,/, 3000 ,epoch,Train loss:, 0.271815, acc:, 0.900, Test loss:, 0.706009, acc:, 0.833,---, 0.0386, seconds ---
658 ,/, 3000 ,epoch,Train loss:, 0.097946, acc:, 0.975, Test loss:, 0.640481, acc:, 0.833,---, 0.0385, seconds ---
659 ,/, 3000 ,epoch,Train loss:, 0.196466, acc:, 0.950, Test loss:, 0.572246, acc:, 0.857,---, 0.0386, seconds ---
660 ,/, 3000 ,epoch,Train loss:, 0.210092, acc:, 0.875, Test loss:, 0.631332, acc:, 0.786,---, 0.0385, seconds ---
661 ,/, 3000 ,epoch,Train loss:, 0.191307, acc:, 0.950, Test loss:, 0.770847, acc:, 0.762,---, 0.0385, seconds ---
662 ,/, 3000 ,epoch,Train loss:, 0.086025, acc:, 1.000, Test loss:, 0.941556, acc:, 0.714,---, 0.0387, seconds ---
663 ,/, 3000 ,epoch,Train loss:, 0.157085, acc:, 0.950, Test loss:, 1.101696, acc:, 0.690,---, 0.0385, seconds ---
664 ,/, 3000 ,epoch,Train loss:, 0.166276, acc:, 0.925, Test loss:, 1.164138, acc:, 0.667,---, 0.0387, seconds ---
665 ,/, 3000 ,epoch,Train loss:, 0.126852, acc:, 0.950, Test loss:, 1.124996, acc:, 0.690,---, 0.0387, seconds ---
666 ,/, 3000 ,epoch,Train loss:, 0.241812, acc:, 0.875, Test loss:, 1.020929, acc:, 0.690,---, 0.0384, seconds ---
val_acc: 0.881 test_acc: 0.792 val_acc_latest: 0.69 test_acc_latest: 0.715
